Date;Mois;Contrepartie;Montant (€);Source;Type;Catégorie;Matched mot_clé;Matched type_condition
2020-08-12 16:02:14;2020-08;HFG;10000.0;Qonto;;intracomm;HFG;
2020-08-12 16:10:55;2020-08;Qonto;-8.37;Qonto;;FdS;Qonto;
2020-08-13 07:01:34;2020-08;Guichar Jean-Philippz;-5238.0;Qonto;;FdS;Guichar Jean-Philippz;
2020-08-13 16:01:38;2020-08;HFG;2644.6;Qonto;;intracomm;HFG;
2020-08-30 01:12:21;2020-08;Qonto;-10.8;Qonto;;FdS;Qonto;
2020-09-09 09:24:22;2020-09;Qonto;2.4;Qonto;;FdS;Qonto;
2020-09-09 15:15:00;2020-09;SARL MAS MARINE;3500.0;Qonto;;Conseil;SARL MAS MARINE;
2020-09-09 16:32:10;2020-09;Qonto;-2.4;Qonto;;FdS;Qonto;
2020-09-25 07:02:16;2020-09;ADVANCED CMA;3600.0;Qonto;;VC;ADVANCED CMA;
2020-09-30 03:54:35;2020-09;Qonto;-10.8;Qonto;;FdS;Qonto;
2020-09-30 14:56:23;2020-09;Qonto;10.44;Qonto;;FdS;Qonto;
2020-10-01 11:09:16;2020-10;Qonto;-10.8;Qonto;;FdS;Qonto;
2020-10-20 08:00:34;2020-10;Raizers;-10000.0;Qonto;;Crowdfunding;Raizers;
2020-11-01 14:13:11;2020-11;Qonto;-10.8;Qonto;;FdS;Qonto;
2020-11-16 06:11:59;2020-11;Service des Impôts des Entreprises (SIE);-1167.0;Qonto;;impots;Service des Impôts des Entreprises (SIE);
2020-11-19 08:48:20;2020-11;ADVANCED CMA;150000.0;Qonto;;VC;ADVANCED CMA;
2020-12-10 11:01:13;2020-12;QIIP Compte augmentation de capital;-150000.0;Qonto;;VC;QIIP;
2020-12-23 08:50:43;2020-12;ADVANCED CMA;3600.0;Qonto;;VC;ADVANCED CMA;
2021-01-01 18:01:11;2021-01;Qonto;-10.8;Qonto;;FdS;Qonto;
2021-01-26 09:01:13;2021-01;AUTHEC;-426.0;Qonto;;FdS;AUTHEC;
2021-01-26 09:02:33;2021-01;AUTHEC;-756.0;Qonto;;FdS;AUTHEC;
2021-02-01 18:26:40;2021-02;Qonto;-10.8;Qonto;;FdS;Qonto;
2021-03-01 18:13:29;2021-03;Qonto;-10.8;Qonto;;FdS;Qonto;
2021-03-23 06:15:19;2021-03;Viseeon;-196.0;Qonto;;FdS;Viseeon;
2021-03-29 06:50:01;2021-03;ADVANCED CMA;3600.0;Qonto;;VC;ADVANCED CMA;
2021-04-01 16:19:06;2021-04;Qonto;-10.8;Qonto;;FdS;Qonto;
2021-04-08 05:28:30;2021-04;Viseeon;-98.0;Qonto;;FdS;Viseeon;
2021-05-01 17:43:00;2021-05;Qonto;-10.8;Qonto;;FdS;Qonto;
2021-05-05 10:48:34;2021-05;Viseeon;-98.0;Qonto;;FdS;Viseeon;
2021-06-01 02:12:12;2021-06;Qonto;-10.8;Qonto;;FdS;Qonto;
2021-06-04 05:16:59;2021-06;Viseeon;-98.0;Qonto;;FdS;Viseeon;
2021-06-25 06:53:47;2021-06;ADVANCED CMA;300000.0;Qonto;;VC;ADVANCED CMA;
2021-07-01 21:18:20;2021-07;Qonto;-10.8;Qonto;;FdS;Qonto;
2021-07-02 07:00:05;2021-07;ADVANCED CMA;3600.0;Qonto;;VC;ADVANCED CMA;
2021-07-06 05:13:59;2021-07;Viseeon;-98.0;Qonto;;FdS;Viseeon;
2021-07-21 00:00:00;2021-07;Recharge par HFG;10000.0;Revolut;TOPUP;intracomm;HFG;
2021-07-21 00:00:00;2021-07;À Nexo;-10000.0;Revolut;TRANSFER;crypto;Nexo;
2021-07-21 08:08:02;2021-07;HFG;-10000.0;Qonto;;intracomm;HFG;
2021-07-26 00:00:00;2021-07;À Nexo;-190000.0;Revolut;TRANSFER;crypto;Nexo;
2021-07-26 00:00:00;2021-07;Recharge par HFG;190000.0;Revolut;TOPUP;intracomm;HFG;
2021-07-26 10:04:07;2021-07;HFG;-190000.0;Qonto;;intracomm;HFG;
2021-08-01 21:05:21;2021-08;Qonto;-10.8;Qonto;;FdS;Qonto;
2021-08-02 10:22:17;2021-08;ADVANCED CMA;1200.0;Qonto;;VC;ADVANCED CMA;
2021-08-04 05:12:02;2021-08;Viseeon;-98.0;Qonto;;FdS;Viseeon;
2021-09-01 22:12:49;2021-09;Qonto;-10.8;Qonto;;FdS;Qonto;
2021-10-01 00:24:37;2021-10;Qonto;-10.8;Qonto;;FdS;Qonto;
2021-10-06 07:05:03;2021-10;Guichar Jean-Philippe;-6657.0;Qonto;;FdS;Guichar Jean-Philippe;
2021-10-20 05:19:00;2021-10;Direction Générale des Finances Publiques (DGFIP);-4263.0;Qonto;;impots;DGFIP;
2021-10-20 05:20:29;2021-10;Direction Générale des Finances Publiques (DGFIP);-2383.0;Qonto;;impots;DGFIP;
2021-11-01 19:31:49;2021-11;Qonto;-10.8;Qonto;;FdS;Qonto;
2021-11-08 00:00:00;2021-11;Recharge par HFG;25000.0;Revolut;TOPUP;intracomm;HFG;
2021-11-08 09:05:20;2021-11;HFG;-25000.0;Qonto;;intracomm;HFG;
2021-11-10 00:00:00;2021-11;Recharge par HFG;25000.0;Revolut;TOPUP;intracomm;HFG;
2021-11-10 11:04:21;2021-11;HFG;-25000.0;Qonto;;intracomm;HFG;
2021-11-15 00:00:00;2021-11;À Nexo;-50000.0;Revolut;TRANSFER;crypto;Nexo;
2021-11-16 09:03:45;2021-11;QIIP;-4845.0;Qonto;;VC;QIIP;
2021-12-01 14:24:02;2021-12;Qonto;-10.8;Qonto;;FdS;Qonto;
2021-12-03 00:00:00;2021-12;Recharge par QIVALIO;1001271.0;Revolut;TOPUP;VC;QIVALIO;TOPUP
2022-01-01 07:14:57;2022-01;Qonto;-10.8;Qonto;;FdS;Qonto;
2022-01-02 00:00:00;2022-01;À Nexo;-50000.0;Revolut;TRANSFER;crypto;Nexo;
2022-01-10 00:00:00;2022-01;À RAIZERS;-99999.0;Revolut;TRANSFER;Crowdfunding;Raizers;
2022-01-10 00:00:00;2022-01;À RAIZERS;-1.0;Revolut;TRANSFER;Crowdfunding;Raizers;
2022-01-21 00:00:00;2022-01;À HFG;-500416.0;Revolut;TRANSFER;intracomm;HFG;
2022-01-24 08:22:10;2022-01;HFG;500416.0;Qonto;;intracomm;HFG;
2022-01-25 11:08:13;2022-01;Service impots entreprises Paris 16 Sud;-70.0;Qonto;;impots;Service impots entreprises Paris 16 Sud;
2022-01-27 06:13:17;2022-01;CORUM ASSET MANAGEMENT;-150144.0;Qonto;;SCPI;CORUM ASSET MANAGEMENT;
2022-02-01 07:15:22;2022-02;Qonto;-10.8;Qonto;;FdS;Qonto;
2022-02-02 06:16:13;2022-02;SCPI EPARGNE PIERRE;-150176.0;Qonto;;SCPI;EPARGNE PIERRE;
2022-02-02 06:21:11;2022-02;PRIMOPIERRE;-200096.0;Qonto;;SCPI;PRIMOPIERRE;
2022-02-09 00:00:00;2022-02;À RAIZERS;-100000.0;Revolut;TRANSFER;Crowdfunding;Raizers;
2022-02-16 00:00:00;2022-02;À Nexo;-100000.0;Revolut;TRANSFER;crypto;Nexo;
2022-03-01 07:45:40;2022-03;Qonto;-10.8;Qonto;;FdS;Qonto;
2022-04-01 07:45:49;2022-04;Qonto;-10.8;Qonto;;FdS;Qonto;
2022-04-13 00:00:00;2022-04;À RAIZERS;-20600.42;Revolut;TRANSFER;Crowdfunding;Raizers;
2022-05-01 07:45:17;2022-05;Qonto;-10.8;Qonto;;FdS;Qonto;
2022-05-05 07:06:45;2022-05;PRIMOPIERRE;1154.4;Qonto;;SCPI;PRIMOPIERRE;
2022-05-30 00:00:00;2022-05;À RAIZERS;-65000.0;Revolut;TRANSFER;Crowdfunding;Raizers;
2022-06-01 08:28:38;2022-06;Qonto;-10.8;Qonto;;FdS;Qonto;
2022-06-14 07:04:31;2022-06;Cuvelier Fauvarque;-630.0;Qonto;;FdS;Cuvelier Fauvarque;
2022-06-14 09:24:08;2022-06;Qonto;6.81;Qonto;;FdS;Qonto;
2022-07-01 03:04:02;2022-07;Qonto;-10.8;Qonto;;FdS;Qonto;
2022-07-04 00:00:00;2022-07;Recharge par Nexo AG;50000.0;Revolut;TOPUP;crypto;Nexo;TOPUP
2022-07-21 00:00:00;2022-07;À Fedex;-11.0;Revolut;TRANSFER;FdS;Fedex;
2022-07-26 00:03:59;2022-07;Guichar Jean-Philippe;-14629.0;Qonto;;FdS;Guichar Jean-Philippe;
2022-07-28 00:00:00;2022-07;À RAIZERS;-50000.0;Revolut;TRANSFER;Crowdfunding;Raizers;
2022-07-29 14:24:51;2022-07;SCI   PRIMOPIERRE;1032.55;Qonto;;SCPI;PRIMOPIERRE;
2022-08-01 03:04:04;2022-08;Qonto;-10.8;Qonto;;FdS;Qonto;
2022-08-04 07:01:57;2022-08;FIDATECH;-1200.0;Qonto;;VC;FIDATECH;
2022-08-11 10:21:14;2022-08;CORUM EURION;611.98;Qonto;;SCPI;CORUM EURION;
2022-09-01 03:03:58;2022-09;Qonto;-10.8;Qonto;;FdS;Qonto;
2022-09-06 00:00:00;2022-09;À Nexo;-50000.0;Revolut;TRANSFER;crypto;Nexo;
2022-09-13 11:10:21;2022-09;CORUM EURION;748.51;Qonto;;SCPI;CORUM EURION;
2022-09-30 05:09:18;2022-09;DGFIP;-175.0;Qonto;;impots;DGFIP;
2022-10-01 03:04:02;2022-10;Qonto;-10.8;Qonto;;FdS;Qonto;
2022-10-11 10:19:13;2022-10;CORUM EURION;713.63;Qonto;;SCPI;CORUM EURION;
2022-10-19 05:20:16;2022-10;DGFIP;-1342.0;Qonto;;impots;DGFIP;
2022-10-21 00:00:00;2022-10;Recharge par ANDROMEDE;1964718.0;Revolut;TOPUP;VC;ANDROMEDE;TOPUP
2022-10-24 10:35:05;2022-10;SCPI EPARGNE PIERRE;1906.08;Qonto;;SCPI;EPARGNE PIERRE;
2022-10-27 00:00:00;2022-10;À HFG;-1000000.0;Revolut;TRANSFER;intracomm;HFG;
2022-10-28 00:00:00;2022-10;À RAIZERS;-55000.0;Revolut;TRANSFER;Crowdfunding;Raizers;
2022-10-28 09:54:13;2022-10;HFG;1000000.0;Qonto;;intracomm;HFG;
2022-10-30 00:00:00;2022-10;À Nexo;-100000.0;Revolut;TRANSFER;crypto;Nexo;
2022-11-01 03:03:49;2022-11;Qonto;-10.8;Qonto;;FdS;Qonto;
2022-11-01 10:53:56;2022-11;SCI   PRIMOPIERRE;1548.82;Qonto;;SCPI;PRIMOPIERRE;
2022-11-09 00:00:00;2022-11;Recharge par Nexo AG;99000.0;Revolut;TOPUP;crypto;Nexo;TOPUP
2022-11-11 11:46:39;2022-11;CORUM EURION;710.68;Qonto;;SCPI;CORUM EURION;
2022-11-15 00:00:00;2022-11;À HFG;-500000.0;Revolut;TRANSFER;intracomm;HFG;
2022-11-15 14:47:46;2022-11;HFG;500000.0;Qonto;;intracomm;HFG;
2022-11-22 06:19:03;2022-11;CORUM ASSET MANAGEMENT;-99975.0;Qonto;;SCPI;CORUM ASSET MANAGEMENT;
2022-11-24 00:00:00;2022-11;À HFG;-300000.0;Revolut;TRANSFER;intracomm;HFG;
2022-11-24 00:00:00;2022-11;Remarkable;-587.0;Revolut;CARD_PAYMENT;FdS;;CARD_PAYMENT
2022-11-24 06:14:14;2022-11;EFIMMO 1;-100014.0;Qonto;;SCPI;EFIMMO;
2022-11-25 00:00:00;2022-11;Ristorante Dino;-36.0;Revolut;CARD_PAYMENT;FdS;;CARD_PAYMENT
2022-11-25 06:20:24;2022-11;IMMORENTE  SCPI;-199920.0;Qonto;;SCPI;IMMORENTE;
2022-11-25 10:52:16;2022-11;HFG;300000.0;Qonto;;intracomm;HFG;
2022-12-01 03:03:46;2022-12;Qonto;-10.8;Qonto;;FdS;Qonto;
2022-12-02 00:00:00;2022-12;Daikichi        2471049;-33.5;Revolut;CARD_PAYMENT;FdS;;CARD_PAYMENT
2022-12-02 00:00:00;2022-12;Le 41;-15.0;Revolut;CARD_PAYMENT;FdS;;CARD_PAYMENT
2022-12-09 00:00:00;2022-12;Ristorante Dino;-37.5;Revolut;CARD_PAYMENT;FdS;;CARD_PAYMENT
2022-12-13 12:29:18;2022-12;CORUM EURION;632.89;Qonto;;SCPI;CORUM EURION;
2022-12-15 00:00:00;2022-12;Chez Livio      2700084;-64.6;Revolut;CARD_PAYMENT;FdS;;CARD_PAYMENT
2022-12-16 06:35:00;2022-12;DIRECTION GENERALE DES FINANCES PUBLIQUES;-70.0;Qonto;;FdS;DIRECTION GENERALE DES FINANCES PUBLIQUES;
2022-12-22 06:17:49;2022-12;CLUBFUNDING - FINANCEMENT PARTICIPATIF;-20000.0;Qonto;;Crowdfunding;CLUBFUNDING - FINANCEMENT PARTICIPATIF;
2022-12-22 16:14:08;2022-12;PERSPECTIVES ADVISORY;6543.0;Qonto;;Conseil;PERSPECTIVES ADVISORY;
2022-12-26 09:07:41;2022-12;M BIBOUM NYEMB ITIBI JOSEPH;3600.0;Qonto;;Conseil;M BIBOUM NYEMB ITIBI JOSEPH;
2022-12-27 00:00:00;2022-12;La Poste Boutiqu;-9.05;Revolut;CARD_PAYMENT;FdS;;CARD_PAYMENT
2022-12-28 06:17:06;2022-12;GENERALI VIE SA;-500000.0;Qonto;;Contrat de capitalisation;GENERALI VIE SA;
2022-12-28 06:20:27;2022-12;GENERALI VIE SA;-200000.0;Qonto;;Contrat de capitalisation;GENERALI VIE SA;
2023-01-01 03:03:43;2023-01;Qonto;-10.8;Qonto;;FdS;Qonto;
2023-01-02 06:20:54;2023-01;SCPI EPARGNE PIERRE;-100048.0;Qonto;;SCPI;EPARGNE PIERRE;
2023-01-10 00:00:00;2023-01;Rotonde Muette;-14.0;Revolut;CARD_PAYMENT;FdS;;CARD_PAYMENT
2023-01-10 00:00:00;2023-01;Sumup  *taxis Parisiennes;-12.3;Revolut;CARD_PAYMENT;FdS;;CARD_PAYMENT
2023-01-10 06:31:50;2023-01;CLUBFUNDING - FINANCEMENT PARTICIPATIF;-100000.0;Qonto;;Crowdfunding;CLUBFUNDING - FINANCEMENT PARTICIPATIF;
2023-01-11 00:00:00;2023-01;La Poste Boutiqu;-9.35;Revolut;CARD_PAYMENT;FdS;;CARD_PAYMENT
2023-01-11 12:11:58;2023-01;CORUM EURION;678.08;Qonto;;SCPI;CORUM EURION;
2023-01-22 00:00:00;2023-01;La Favorite;-54.0;Revolut;CARD_PAYMENT;FdS;;CARD_PAYMENT
2023-01-25 00:00:00;2023-01;Gandi;-17.95;Revolut;CARD_PAYMENT;FdS;;CARD_PAYMENT
2023-01-26 06:25:50;2023-01;ALTAROC GLOBAL 2022 FPCI - COLLECTE;-17201.37;Qonto;;PE;ALTAROC GLOBAL 2022 FPCI - COLLECTE;
2023-01-30 11:37:01;2023-01;SCPI EPARGNE PIERRE;2057.7;Qonto;;SCPI;EPARGNE PIERRE;
2023-01-30 12:13:41;2023-01;QIVALIO;6468.0;Qonto;;Conseil;QIVALIO;
2023-01-31 00:00:00;2023-01;Nespresso France S.a.s.;-100.56;Revolut;CARD_PAYMENT;FdS;;CARD_PAYMENT
2023-02-01 00:00:00;2023-02;Mj Bo Zinc;-8.0;Revolut;CARD_PAYMENT;FdS;;CARD_PAYMENT
2023-02-01 03:03:38;2023-02;Qonto;-10.8;Qonto;;FdS;Qonto;
2023-02-01 11:24:47;2023-02;SCI   PRIMOPIERRE;240.5;Qonto;;SCPI;PRIMOPIERRE;
2023-02-01 11:29:20;2023-02;SCI   PRIMOPIERRE;1952.86;Qonto;;SCPI;PRIMOPIERRE;
2023-02-01 12:18:27;2023-02;M BIBOUM NYEMB ITIBI JOSEPH;1200.0;Qonto;;Conseil;M BIBOUM NYEMB ITIBI JOSEPH;
2023-02-02 00:00:00;2023-02;New Coulisses   4789936;-50.0;Revolut;CARD_PAYMENT;FdS;;CARD_PAYMENT
2023-02-02 00:00:00;2023-02;Passy;-89.97;Revolut;CARD_PAYMENT;FdS;;CARD_PAYMENT
2023-02-02 15:30:21;2023-02;QIVALIO;1200.0;Qonto;;Conseil;QIVALIO;
2023-02-03 00:00:00;2023-02;Monoprix Plus;-281.3;Revolut;CARD_PAYMENT;FdS;;CARD_PAYMENT
2023-02-04 00:00:00;2023-02;Pk Ptversail Ca;-13.95;Revolut;CARD_PAYMENT;FdS;;CARD_PAYMENT
2023-02-05 00:00:00;2023-02;Gr Epicerie 16  4704771;-7.0;Revolut;CARD_PAYMENT;FdS;;CARD_PAYMENT
2023-02-07 00:00:00;2023-02;Sncf Internet;-39.0;Revolut;CARD_PAYMENT;FdS;;CARD_PAYMENT
2023-02-08 06:22:27;2023-02;CLUBFUNDING - FINANCEMENT PARTICIPATIF;-20000.0;Qonto;;Crowdfunding;CLUBFUNDING - FINANCEMENT PARTICIPATIF;
2023-02-13 12:09:00;2023-02;CORUM EURION;632.37;Qonto;;SCPI;CORUM EURION;
2023-02-14 00:00:00;2023-02;Midjourney Inc.;-323.88;Revolut;CARD_PAYMENT;FdS;;CARD_PAYMENT
2023-02-14 06:18:20;2023-02;CLUBFUNDING - FINANCEMENT PARTICIPATIF;-30000.0;Qonto;;Crowdfunding;CLUBFUNDING - FINANCEMENT PARTICIPATIF;
2023-02-22 10:45:28;2023-02;Mangopay;98600.42;Qonto;;Crowdfunding;Mangopay;
2023-02-23 00:00:00;2023-02;Pk Ptversail Ca;-16.7;Revolut;CARD_PAYMENT;FdS;;CARD_PAYMENT
2023-02-25 00:00:00;2023-02;G7;-20.7;Revolut;CARD_PAYMENT;FdS;;CARD_PAYMENT
2023-02-25 00:00:00;2023-02;Les Remparts;-86.0;Revolut;CARD_PAYMENT;FdS;;CARD_PAYMENT
2023-03-01 00:00:00;2023-03;Chalex;-59.0;Revolut;CARD_PAYMENT;FdS;;CARD_PAYMENT
2023-03-01 03:03:42;2023-03;Qonto;-10.8;Qonto;;FdS;Qonto;
2023-03-03 11:44:21;2023-03;M BIBOUM NYEMB ITIBI JOSEPH;1200.0;Qonto;;Conseil;M BIBOUM NYEMB ITIBI JOSEPH;
2023-03-08 10:54:33;2023-03;SAS BVI.EU FINANCE  FP;311.2;Qonto;;Crowdfunding;SAS BVI.EU FINANCE  FP;
2023-03-13 12:43:36;2023-03;ETHIFINANCE SAS;1200.0;Qonto;;Conseil;ETHIFINANCE SAS;
2023-03-13 12:48:43;2023-03;CORUM EURION;615.3;Qonto;;SCPI;CORUM EURION;
2023-03-15 00:00:00;2023-03;Chalex;-40.3;Revolut;CARD_PAYMENT;FdS;;CARD_PAYMENT
2023-03-15 00:00:00;2023-03;Le 41;-8.9;Revolut;CARD_PAYMENT;FdS;;CARD_PAYMENT
2023-03-20 06:27:51;2023-03;LBO - FONDS FCPR WCS 3;-32000.0;Qonto;;PE;LBO - FONDS FCPR WCS 3;
2023-03-22 00:00:00;2023-03;Daikichi        2471049;-27.6;Revolut;CARD_PAYMENT;FdS;;CARD_PAYMENT
2023-03-23 00:00:00;2023-03;Amzn Mktp Fr*zx4xr9565;-19.95;Revolut;CARD_PAYMENT;FdS;;CARD_PAYMENT
2023-03-27 14:58:40;2023-03;IMMORENTE  SCPI;687.96;Qonto;;SCPI;IMMORENTE;
2023-03-28 05:10:29;2023-03;CLUBFUNDING - FINANCEMENT PARTICIPATIF;-20000.0;Qonto;;Crowdfunding;CLUBFUNDING - FINANCEMENT PARTICIPATIF;
2023-03-28 10:03:10;2023-03;M BIBOUM NYEMB ITIBI JOSEPH;1200.0;Qonto;;Conseil;M BIBOUM NYEMB ITIBI JOSEPH;
2023-03-30 00:00:00;2023-03;Table Armaillis;-240.5;Revolut;CARD_PAYMENT;FdS;;CARD_PAYMENT
2023-04-01 03:03:33;2023-04;Qonto;-10.8;Qonto;;FdS;Qonto;
2023-04-05 10:33:49;2023-04;TYLIA Invest;-10000.0;Qonto;;VC;TYLIA Invest;
2023-04-06 05:24:40;2023-04;CLUBFUNDING - FINANCEMENT PARTICIPATIF;-30000.0;Qonto;;Crowdfunding;CLUBFUNDING - FINANCEMENT PARTICIPATIF;
2023-04-09 00:00:00;2023-04;Gr Epicerie 16  4704771;-10.5;Revolut;CARD_PAYMENT;FdS;;CARD_PAYMENT
2023-04-11 16:29:03;2023-04;SAS GDG HOLDCO FRAGONARD FP;233.4;Qonto;;Crowdfunding;SAS GDG HOLDCO FRAGONARD FP;
2023-04-11 16:40:01;2023-04;SAS INFINI CAPITAL;300.0;Qonto;;Crowdfunding;SAS INFINI CAPITAL;
2023-04-11 17:25:24;2023-04;SAS BVI.EU FINANCE  FP;166.6;Qonto;;Crowdfunding;SAS BVI.EU FINANCE  FP;
2023-04-12 10:03:24;2023-04;CORUM EURION;743.36;Qonto;;SCPI;CORUM EURION;
2023-04-13 00:00:00;2023-04;Trainline Euro;-68.0;Revolut;CARD_PAYMENT;FdS;;CARD_PAYMENT
2023-04-16 07:19:38;2023-04;PERSPECTIVES ADVISORY;1890.0;Qonto;;Conseil;PERSPECTIVES ADVISORY;
2023-04-21 00:00:00;2023-04;Homer Vh        2081472;-48.0;Revolut;CARD_PAYMENT;FdS;;CARD_PAYMENT
2023-04-21 05:21:22;2023-04;ALTAROC GLOBAL 2022 FPCI - COLLECTE;-10000.0;Qonto;;PE;ALTAROC GLOBAL 2022 FPCI - COLLECTE;
2023-04-24 10:12:21;2023-04;SCPI EPARGNE PIERRE;1906.08;Qonto;;SCPI;EPARGNE PIERRE;
2023-04-25 10:43:47;2023-04;SCPI IMMORENTE;1375.92;Qonto;;SCPI;IMMORENTE;
2023-04-25 10:54:04;2023-04;EFIMMO 1;675.2;Qonto;;SCPI;EFIMMO;
2023-04-26 10:42:49;2023-04;ETHIFINANCE SAS;1200.0;Qonto;;Conseil;ETHIFINANCE SAS;
2023-04-28 14:37:26;2023-04;SCI   PRIMOPIERRE;1573.15;Qonto;;SCPI;PRIMOPIERRE;
2023-04-28 15:00:37;2023-04;M BIBOUM NYEMB ITIBI JOSEPH;1200.0;Qonto;;Conseil;M BIBOUM NYEMB ITIBI JOSEPH;
2023-05-01 03:05:28;2023-05;Qonto;-10.8;Qonto;;FdS;Qonto;
2023-05-04 14:25:58;2023-05;LES SHERPAS;7200.0;Qonto;;Conseil;LES SHERPAS;
2023-05-09 13:58:11;2023-05;SAS BVI.EU FINANCE  FP;166.6;Qonto;;Crowdfunding;SAS BVI.EU FINANCE  FP;
2023-05-09 15:29:55;2023-05;SAS SGM PERSEPHONE FP;216.6;Qonto;;Crowdfunding;SAS SGM PERSEPHONE FP;
2023-05-09 15:30:03;2023-05;SAS INFINI CAPITAL;249.9;Qonto;;Crowdfunding;SAS INFINI CAPITAL;
2023-05-11 09:51:16;2023-05;CORUM EURION;344.38;Qonto;;SCPI;CORUM EURION;
2023-05-11 09:55:55;2023-05;SAS GDG HOLDCO FRAGONARD FP;166.6;Qonto;;Crowdfunding;SAS GDG HOLDCO FRAGONARD FP;
2023-05-12 00:00:00;2023-05;Ouistiti Fmcn   4098699;-180.0;Revolut;CARD_PAYMENT;FdS;;CARD_PAYMENT
2023-05-12 14:10:22;2023-05;Julia Hanon;-400.0;Qonto;;FdS;Julia Hanon;
2023-05-15 10:11:15;2023-05;SAS INFINI CAPITAL;275.4;Qonto;;Crowdfunding;SAS INFINI CAPITAL;
2023-05-16 12:42:48;2023-05;Samia MEKHANEG;-1200.0;Qonto;;FdS;Samia MEKHANEG;
2023-05-17 00:00:00;2023-05;Kim S;-100.0;Revolut;CARD_PAYMENT;FdS;;CARD_PAYMENT
2023-05-17 10:16:13;2023-05;SCI   PRIMOPIERRE;43.01;Qonto;;SCPI;PRIMOPIERRE;
2023-05-25 00:00:00;2023-05;Daikichi        2471049;-15.8;Revolut;CARD_PAYMENT;FdS;;CARD_PAYMENT
2023-05-25 09:47:39;2023-05;SAS INFINI CAPITAL;887.7;Qonto;;Crowdfunding;SAS INFINI CAPITAL;
2023-05-27 00:00:00;2023-05;Ets Nicolas   * 4361582;-203.2;Revolut;CARD_PAYMENT;FdS;;CARD_PAYMENT
2023-06-01 03:05:29;2023-06;Qonto;-10.8;Qonto;;FdS;Qonto;
2023-06-01 11:58:48;2023-06;M BIBOUM NYEMB ITIBI JOSEPH;1200.0;Qonto;;Conseil;M BIBOUM NYEMB ITIBI JOSEPH;
2023-06-02 00:00:00;2023-06;G7;-17.7;Revolut;CARD_PAYMENT;FdS;;CARD_PAYMENT
2023-06-02 00:00:00;2023-06;G7;-7.3;Revolut;CARD_PAYMENT;FdS;;CARD_PAYMENT
2023-06-02 00:00:00;2023-06;Sncf Internet;-58.0;Revolut;CARD_PAYMENT;FdS;;CARD_PAYMENT
2023-06-02 15:31:13;2023-06;LES SHERPAS;2400.0;Qonto;;Conseil;LES SHERPAS;
2023-06-07 10:04:36;2023-06;SAS SGM PERSEPHONE FP;166.6;Qonto;;Crowdfunding;SAS SGM PERSEPHONE FP;
2023-06-07 10:56:11;2023-06;SAS GDG HOLDCO FRAGONARD FP;166.6;Qonto;;Crowdfunding;SAS GDG HOLDCO FRAGONARD FP;
2023-06-07 10:58:47;2023-06;SAS BVI.EU FINANCE  FP;166.6;Qonto;;Crowdfunding;SAS BVI.EU FINANCE  FP;
2023-06-07 10:59:01;2023-06;SAS INFINI CAPITAL;252.3;Qonto;;Crowdfunding;SAS INFINI CAPITAL;
2023-06-07 11:19:14;2023-06;SAS CASALINA  FP;430.8;Qonto;;Crowdfunding;SAS CASALINA  FP;
2023-06-09 00:00:00;2023-06;G7;-22.6;Revolut;CARD_PAYMENT;FdS;;CARD_PAYMENT
2023-06-13 00:00:00;2023-06;Ristorante Dino;-81.5;Revolut;CARD_PAYMENT;FdS;;CARD_PAYMENT
2023-06-13 11:10:46;2023-06;CORUM EURION;831.33;Qonto;;SCPI;CORUM EURION;
2023-06-14 00:00:00;2023-06;Remboursement par Trainline Euro;31.2;Revolut;CARD_REFUND;FdS;;CARD_REFUND
2023-06-17 00:00:00;2023-06;Sarl Cade;-48.5;Revolut;CARD_PAYMENT;FdS;;CARD_PAYMENT
2023-06-17 00:00:00;2023-06;La Table Du Golf;-19.5;Revolut;CARD_PAYMENT;FdS;;CARD_PAYMENT
2023-06-23 07:39:34;2023-06;notaire METADEFI;-9988.76;Qonto;;VC;notaire METADEFI;
2023-06-23 10:01:06;2023-06;ETHIFINANCE SAS;4800.0;Qonto;;Conseil;ETHIFINANCE SAS;
2023-07-01 00:00:00;2023-07;Gr Epicerie 16  4704771;-5.5;Revolut;CARD_PAYMENT;FdS;;CARD_PAYMENT
2023-07-01 03:05:19;2023-07;Qonto;-13.2;Qonto;;FdS;Qonto;
2023-07-03 15:31:36;2023-07;LES SHERPAS;2400.0;Qonto;;Conseil;LES SHERPAS;
2023-07-06 10:15:57;2023-07;Mangopay;28684.55;Qonto;;Crowdfunding;Mangopay;
2023-07-07 10:02:50;2023-07;SAS INFINI CAPITAL;240.3;Qonto;;Crowdfunding;SAS INFINI CAPITAL;
2023-07-07 10:07:51;2023-07;SAS GDG HOLDCO FRAGONARD FP;166.6;Qonto;;Crowdfunding;SAS GDG HOLDCO FRAGONARD FP;
2023-07-07 10:07:56;2023-07;SAS SGM PERSEPHONE FP;166.6;Qonto;;Crowdfunding;SAS SGM PERSEPHONE FP;
2023-07-07 10:09:53;2023-07;SAS CASALINA  FP;275.1;Qonto;;Crowdfunding;SAS CASALINA  FP;
2023-07-07 10:09:59;2023-07;SAS BVI.EU FINANCE  FP;166.6;Qonto;;Crowdfunding;SAS BVI.EU FINANCE  FP;
2023-07-08 00:00:00;2023-07;Daikichi        2471049;-40.0;Revolut;CARD_PAYMENT;FdS;;CARD_PAYMENT
2023-07-09 00:00:00;2023-07;Espèces chez Loomis France Paris;-350.0;Revolut;ATM;FdS;;ATM
2023-07-09 00:00:00;2023-07;G7;-30.0;Revolut;CARD_PAYMENT;FdS;;CARD_PAYMENT
2023-07-09 00:00:00;2023-07;Peniche Marcounet;-31.0;Revolut;CARD_PAYMENT;FdS;;CARD_PAYMENT
2023-07-09 00:00:00;2023-07;Espèces chez Loomis France Paris;-500.0;Revolut;ATM;FdS;;ATM
2023-07-09 00:00:00;2023-07;Espèces chez Loomis France Paris;-200.0;Revolut;ATM;FdS;;ATM
2023-07-09 00:00:00;2023-07;Espèces chez Loomis France Paris;-250.0;Revolut;ATM;FdS;;ATM
2023-07-09 00:00:00;2023-07;Espèces chez Loomis France Paris;-200.0;Revolut;ATM;FdS;;ATM
2023-07-09 00:00:00;2023-07;Espèces chez Loomis France Paris;-150.0;Revolut;ATM;FdS;;ATM
2023-07-10 00:00:00;2023-07;Recre Azur;-170.0;Revolut;CARD_PAYMENT;FdS;;CARD_PAYMENT
2023-07-10 00:00:00;2023-07;G7;-11.0;Revolut;CARD_PAYMENT;FdS;;CARD_PAYMENT
2023-07-11 10:19:46;2023-07;CORUM EURION;1437.12;Qonto;;SCPI;CORUM EURION;
2023-07-12 10:12:25;2023-07;M BIBOUM NYEMB ITIBI JOSEPH;1200.0;Qonto;;Conseil;M BIBOUM NYEMB ITIBI JOSEPH;
2023-07-13 00:00:00;2023-07;G7;-32.1;Revolut;CARD_PAYMENT;FdS;;CARD_PAYMENT
2023-07-14 00:00:00;2023-07;Gr Epicerie 16  4704771;-5.5;Revolut;CARD_PAYMENT;FdS;;CARD_PAYMENT
2023-07-20 05:23:32;2023-07;ALTAROC GLOBAL 2023 FPCI - COLLECTE;-22000.0;Qonto;;PE;ALTAROC GLOBAL 2023 FPCI - COLLECTE;
2023-07-21 14:03:28;2023-07;ETHIFINANCE SAS;6911.4;Qonto;;Conseil;ETHIFINANCE SAS;
2023-07-25 10:08:26;2023-07;SCPI EPARGNE PIERRE;2329.36;Qonto;;SCPI;EPARGNE PIERRE;
2023-07-25 10:09:58;2023-07;EFIMMO 1;1012.8;Qonto;;SCPI;EFIMMO;
2023-07-25 10:10:00;2023-07;SCPI IMMORENTE;2063.88;Qonto;;SCPI;IMMORENTE;
2023-07-26 00:00:00;2023-07;Daikichi        2471049;-56.0;Revolut;CARD_PAYMENT;FdS;;CARD_PAYMENT
2023-07-26 16:03:11;2023-07;roundtable - NewCo 18;-5000.0;Qonto;;VC;roundtable - NewCo 18;
2023-07-31 10:11:53;2023-07;M BIBOUM NYEMB ITIBI JOSEPH;1200.0;Qonto;;Conseil;M BIBOUM NYEMB ITIBI JOSEPH;
2023-08-01 07:32:33;2023-08;Cuvelier Fauvarque;-647.0;Qonto;;FdS;Cuvelier Fauvarque;
2023-08-01 10:17:53;2023-08;PRIMOPIERRE SCPI;1616.16;Qonto;;SCPI;PRIMOPIERRE;
2023-08-01 15:54:36;2023-08;Qonto;-13.2;Qonto;;FdS;Qonto;
2023-08-03 15:48:51;2023-08;LES SHERPAS;2400.0;Qonto;;Conseil;LES SHERPAS;
2023-08-07 00:00:00;2023-08;Le Drakkar;-163.0;Revolut;CARD_PAYMENT;FdS;;CARD_PAYMENT
2023-08-07 10:08:46;2023-08;SAS SGM PERSEPHONE FP;166.6;Qonto;;Crowdfunding;SAS SGM PERSEPHONE FP;
2023-08-07 10:15:33;2023-08;SAS INFINI CAPITAL;240.3;Qonto;;Crowdfunding;SAS INFINI CAPITAL;
2023-08-07 10:15:58;2023-08;SCI   PRIMOPIERRE;1769.43;Qonto;;SCPI;PRIMOPIERRE;
2023-08-07 10:22:21;2023-08;SAS GDG HOLDCO FRAGONARD FP;166.6;Qonto;;Crowdfunding;SAS GDG HOLDCO FRAGONARD FP;
2023-08-07 10:24:23;2023-08;SAS CASALINA  FP;275.1;Qonto;;Crowdfunding;SAS CASALINA  FP;
2023-08-08 00:00:00;2023-08;Mcmf;-71.0;Revolut;CARD_PAYMENT;FdS;;CARD_PAYMENT
2023-08-11 05:28:34;2023-08;GENERALI VIE SA;-400000.0;Qonto;;Contrat de capitalisation;GENERALI VIE SA;
2023-08-11 10:08:53;2023-08;CORUM EURION;818.96;Qonto;;SCPI;CORUM EURION;
2023-08-24 10:03:53;2023-08;SAS BVI.EU FINANCE  FP;166.6;Qonto;;Crowdfunding;SAS BVI.EU FINANCE  FP;
2023-08-26 00:00:00;2023-08;G7;-33.5;Revolut;CARD_PAYMENT;FdS;;CARD_PAYMENT
2023-08-30 00:00:00;2023-08;Le Manoir Z;-172.0;Revolut;CARD_PAYMENT;FdS;;CARD_PAYMENT
2023-08-31 10:13:28;2023-08;ETHIFINANCE SAS;1200.0;Qonto;;Conseil;ETHIFINANCE SAS;
2023-09-01 15:54:43;2023-09;Qonto;-13.2;Qonto;;FdS;Qonto;
2023-09-02 00:00:00;2023-09;G7;-23.8;Revolut;CARD_PAYMENT;FdS;;CARD_PAYMENT
2023-09-02 00:00:00;2023-09;Ristorante Dino;-65.0;Revolut;CARD_PAYMENT;FdS;;CARD_PAYMENT
2023-09-02 10:43:30;2023-09;hauthec;-1584.0;Qonto;;FdS;hauthec;
2023-09-04 07:05:28;2023-09;Guichar Jean-Philippe;-15933.7;Qonto;;FdS;Guichar Jean-Philippe;
2023-09-05 14:10:11;2023-09;LES SHERPAS;2400.0;Qonto;;Conseil;LES SHERPAS;
2023-09-07 00:00:00;2023-09;G7;-27.7;Revolut;CARD_PAYMENT;FdS;;CARD_PAYMENT
2023-09-07 09:58:25;2023-09;SAS CASALINA  FP;275.1;Qonto;;Crowdfunding;SAS CASALINA  FP;
2023-09-07 10:00:03;2023-09;SAS INFINI CAPITAL;240.3;Qonto;;Crowdfunding;SAS INFINI CAPITAL;
2023-09-07 10:00:45;2023-09;SAS SGM PERSEPHONE FP;166.6;Qonto;;Crowdfunding;SAS SGM PERSEPHONE FP;
2023-09-07 10:07:30;2023-09;SAS GDG HOLDCO FRAGONARD FP;166.6;Qonto;;Crowdfunding;SAS GDG HOLDCO FRAGONARD FP;
2023-09-08 10:04:08;2023-09;SAS BVI.EU FINANCE  FP;166.6;Qonto;;Crowdfunding;SAS BVI.EU FINANCE  FP;
2023-09-12 10:15:03;2023-09;CORUM EURION;890.42;Qonto;;SCPI;CORUM EURION;
2023-09-18 00:00:00;2023-09;Daikichi        2471049;-33.5;Revolut;CARD_PAYMENT;FdS;;CARD_PAYMENT
2023-09-18 10:09:45;2023-09;PATRIMOINE SUR MESURE;1200.0;Qonto;;Conseil;PATRIMOINE SUR MESURE;
2023-09-21 00:00:00;2023-09;Sc-rest. Matsuya;-13.9;Revolut;CARD_PAYMENT;FdS;;CARD_PAYMENT
2023-09-21 00:00:00;2023-09;Passy;-19.98;Revolut;CARD_PAYMENT;FdS;;CARD_PAYMENT
2023-09-21 09:10:35;2023-09;PERSPECTIVES ADVISORY;1590.0;Qonto;;Conseil;PERSPECTIVES ADVISORY;
2023-09-22 09:58:10;2023-09;Mangopay;3335.14;Qonto;;Crowdfunding;Mangopay;
2023-09-25 09:59:52;2023-09;Mangopay;21358.9;Qonto;;Crowdfunding;Mangopay;
2023-09-26 00:00:00;2023-09;Paris Business A;-710.0;Revolut;CARD_PAYMENT;FdS;;CARD_PAYMENT
2023-10-01 15:54:24;2023-10;Qonto;-13.2;Qonto;;FdS;Qonto;
2023-10-02 10:14:10;2023-10;ETHIFINANCE SAS;1200.0;Qonto;;Conseil;ETHIFINANCE SAS;
2023-10-03 10:06:08;2023-10;PATRIMOINE SUR MESURE;1200.0;Qonto;;Conseil;PATRIMOINE SUR MESURE;
2023-10-04 05:07:33;2023-10;DGFIP;-11175.0;Qonto;;impots;DGFIP;
2023-10-05 00:00:00;2023-10;Sc-rest. Matsuya;-13.9;Revolut;CARD_PAYMENT;FdS;;CARD_PAYMENT
2023-10-10 09:25:27;2023-10;MISSION SPORT & SANTE;-350.0;Qonto;;FdS;MISSION SPORT & SANTE;
2023-10-10 10:03:16;2023-10;SAS CASALINA  FP;275.1;Qonto;;Crowdfunding;SAS CASALINA  FP;
2023-10-10 10:10:35;2023-10;SAS BVI.EU FINANCE  FP;166.6;Qonto;;Crowdfunding;SAS BVI.EU FINANCE  FP;
2023-10-10 10:13:46;2023-10;SAS INFINI CAPITAL;240.3;Qonto;;Crowdfunding;SAS INFINI CAPITAL;
2023-10-10 10:13:50;2023-10;SAS SGM PERSEPHONE FP;166.6;Qonto;;Crowdfunding;SAS SGM PERSEPHONE FP;
2023-10-10 10:14:03;2023-10;SAS GDG HOLDCO FRAGONARD FP;166.6;Qonto;;Crowdfunding;SAS GDG HOLDCO FRAGONARD FP;
2023-10-11 09:59:26;2023-10;CORUM EURION;943.63;Qonto;;SCPI;CORUM EURION;
2023-10-16 00:00:00;2023-10;G7;-62.4;Revolut;CARD_PAYMENT;FdS;;CARD_PAYMENT
2023-10-16 00:00:00;2023-10;Mrw280132sc     4972453;-22.99;Revolut;CARD_PAYMENT;FdS;;CARD_PAYMENT
2023-10-16 15:46:37;2023-10;LES SHERPAS;2400.0;Qonto;;Conseil;LES SHERPAS;
2023-10-18 05:26:37;2023-10;DGFIP;-5738.0;Qonto;;impots;DGFIP;
2023-10-23 05:52:11;2023-10;ALTAROC GLOBAL 2022 FPCI - COLLECTE;-10000.0;Qonto;;PE;ALTAROC GLOBAL 2022 FPCI - COLLECTE;
2023-10-24 10:03:34;2023-10;SCPI EPARGNE PIERRE;3175.92;Qonto;;SCPI;EPARGNE PIERRE;
2023-10-25 10:01:24;2023-10;EFIMMO 1;1012.8;Qonto;;SCPI;EFIMMO;
2023-10-25 10:04:24;2023-10;SCPI IMMORENTE;2063.88;Qonto;;SCPI;IMMORENTE;
2023-10-27 10:01:01;2023-10;ETHIFINANCE SAS;2400.0;Qonto;;Conseil;ETHIFINANCE SAS;
2023-10-27 11:30:51;2023-10;PERSPECTIVES ADVISORY;1395.0;Qonto;;Conseil;PERSPECTIVES ADVISORY;
2023-10-31 10:55:22;2023-10;Mangopay;18628.96;Qonto;;Crowdfunding;Mangopay;
2023-11-01 08:08:14;2023-11;HYMAG'IN INVEST - Compte courant;-10024.0;Qonto;;VC;HYMAG'IN INVEST - Compte courant;
2023-11-01 11:04:46;2023-11;SCI   PRIMOPIERRE;1616.16;Qonto;;SCPI;PRIMOPIERRE;
2023-11-01 15:54:41;2023-11;Qonto;-13.2;Qonto;;FdS;Qonto;
2023-11-01 18:05:46;2023-11;Roundtable Fr Topco 4;-10000.0;Qonto;;VC;Roundtable Fr Topco 4;
2023-11-08 10:55:12;2023-11;SAS CASALINA  FP;275.1;Qonto;;Crowdfunding;SAS CASALINA  FP;
2023-11-08 11:05:31;2023-11;SAS GDG HOLDCO FRAGONARD FP;166.6;Qonto;;Crowdfunding;SAS GDG HOLDCO FRAGONARD FP;
2023-11-08 11:07:28;2023-11;SAS INFINI CAPITAL;240.3;Qonto;;Crowdfunding;SAS INFINI CAPITAL;
2023-11-08 11:08:00;2023-11;SAS BVI.EU FINANCE  FP;166.6;Qonto;;Crowdfunding;SAS BVI.EU FINANCE  FP;
2023-11-08 11:08:12;2023-11;SAS SGM PERSEPHONE FP;166.6;Qonto;;Crowdfunding;SAS SGM PERSEPHONE FP;
2023-11-11 00:00:00;2023-11;Leclerc Risldis;-71.0;Revolut;CARD_PAYMENT;FdS;;CARD_PAYMENT
2023-11-13 11:12:17;2023-11;CORUM EURION;850.67;Qonto;;SCPI;CORUM EURION;
2023-11-18 00:00:00;2023-11;Ru;-50.6;Revolut;CARD_PAYMENT;FdS;;CARD_PAYMENT
2023-11-21 16:47:32;2023-11;LES SHERPAS;2400.0;Qonto;;Conseil;LES SHERPAS;
2023-11-23 11:01:11;2023-11;Mangopay;10715.06;Qonto;;Crowdfunding;Mangopay;
2023-11-28 00:00:00;2023-11;Gandi Order 111786340;-23.99;Revolut;CARD_PAYMENT;FdS;;CARD_PAYMENT
2023-12-01 00:00:00;2023-12;Ristorante Dino Sc1;-61.0;Revolut;CARD_PAYMENT;FdS;;CARD_PAYMENT
2023-12-01 11:09:51;2023-12;PATRIMOINE SUR MESURE;1200.0;Qonto;;Conseil;PATRIMOINE SUR MESURE;
2023-12-01 15:54:33;2023-12;Qonto;-13.2;Qonto;;FdS;Qonto;
2023-12-02 00:00:00;2023-12;Deliveroo;-18.29;Revolut;CARD_PAYMENT;FdS;;CARD_PAYMENT
2023-12-06 06:44:08;2023-12;Alan;-37.4;Qonto;;FdS;Alan;
2023-12-07 11:22:24;2023-12;PATRIMOINE SUR MESURE;1200.0;Qonto;;Conseil;PATRIMOINE SUR MESURE;
2023-12-08 11:01:10;2023-12;SAS INFINI CAPITAL;240.3;Qonto;;Crowdfunding;SAS INFINI CAPITAL;
2023-12-08 11:01:16;2023-12;SAS BVI.EU FINANCE  FP;166.6;Qonto;;Crowdfunding;SAS BVI.EU FINANCE  FP;
2023-12-08 11:03:53;2023-12;SAS SGM PERSEPHONE FP;166.6;Qonto;;Crowdfunding;SAS SGM PERSEPHONE FP;
2023-12-08 11:13:43;2023-12;SAS CASALINA  FP;275.1;Qonto;;Crowdfunding;SAS CASALINA  FP;
2023-12-08 11:13:48;2023-12;SAS GDG HOLDCO FRAGONARD FP;166.6;Qonto;;Crowdfunding;SAS GDG HOLDCO FRAGONARD FP;
2023-12-12 11:21:58;2023-12;CORUM EURION;1007.88;Qonto;;SCPI;CORUM EURION;
2023-12-14 00:00:00;2023-12;G7;-17.4;Revolut;CARD_PAYMENT;FdS;;CARD_PAYMENT
2023-12-14 00:00:00;2023-12;Sc-rest. Matsuya;-20.9;Revolut;CARD_PAYMENT;FdS;;CARD_PAYMENT
2023-12-14 16:47:13;2023-12;LES SHERPAS;2400.0;Qonto;;Conseil;LES SHERPAS;
2023-12-16 00:00:00;2023-12;Ristorante Dino;-106.0;Revolut;CARD_PAYMENT;FdS;;CARD_PAYMENT
2023-12-18 07:20:44;2023-12;URSSAF D ILE DE FRANCE;-4.0;Qonto;;impots;URSSAF D ILE DE FRANCE;
2023-12-18 08:02:45;2023-12;Roundtable - NewCo 51;-2000.0;Qonto;;VC;Roundtable - NewCo 51;
2023-12-18 11:07:49;2023-12;EFIMMO 1;312.28;Qonto;;SCPI;EFIMMO;
2023-12-18 18:16:24;2023-12;Roundtable - NewCo 51;117.0;Qonto;;VC;Roundtable - NewCo 51;
2023-12-22 00:00:00;2023-12;Repairedebacchus;-63.0;Revolut;CARD_PAYMENT;FdS;;CARD_PAYMENT
2023-12-22 00:00:00;2023-12;Nicolas 2300;-38.0;Revolut;CARD_PAYMENT;FdS;;CARD_PAYMENT
2023-12-22 10:41:24;2023-12;Guichar Jean-Philippe;-4491.56;Qonto;;FdS;Guichar Jean-Philippe;
2023-12-27 06:07:33;2023-12;DIRECTION GENERALE DES FINANCES PUBLIQUES;-73.0;Qonto;;FdS;DIRECTION GENERALE DES FINANCES PUBLIQUES;
2023-12-29 06:06:29;2023-12;DGFIP;-4578.0;Qonto;;impots;DGFIP;
2024-01-01 15:54:26;2024-01;Qonto;-13.2;Qonto;;FdS;Qonto;
2024-01-02 16:46:15;2024-01;LES SHERPAS;2400.0;Qonto;;Conseil;LES SHERPAS;
2024-01-04 06:28:59;2024-01;Alan;-102.0;Qonto;;FdS;Alan;
2024-01-08 09:40:20;2024-01;FRENCH PAYROLL EXPERT / Thomas Bidou;-84.0;Qonto;;FdS;FRENCH PAYROLL EXPERT / Thomas Bidou;
2024-01-09 00:00:00;2024-01;Gandi Order 113663130;-57.46;Revolut;CARD_PAYMENT;FdS;;CARD_PAYMENT
2024-01-09 11:07:13;2024-01;SAS CASALINA  FP;275.1;Qonto;;Crowdfunding;SAS CASALINA  FP;
2024-01-09 11:09:06;2024-01;SAS GDG HOLDCO FRAGONARD FP;166.6;Qonto;;Crowdfunding;SAS GDG HOLDCO FRAGONARD FP;
2024-01-09 11:12:16;2024-01;SAS BVI.EU FINANCE  FP;166.6;Qonto;;Crowdfunding;SAS BVI.EU FINANCE  FP;
2024-01-09 11:13:57;2024-01;SAS SGM PERSEPHONE FP;166.6;Qonto;;Crowdfunding;SAS SGM PERSEPHONE FP;
2024-01-09 11:15:16;2024-01;SAS INFINI CAPITAL;240.3;Qonto;;Crowdfunding;SAS INFINI CAPITAL;
2024-01-10 15:00:30;2024-01;ETHIFINANCE SAS;7200.0;Qonto;;Conseil;ETHIFINANCE SAS;
2024-01-11 14:58:38;2024-01;CORUM EURION;990.1;Qonto;;SCPI;CORUM EURION;
2024-01-12 11:09:02;2024-01;PATRIMOINE SUR MESURE;1200.0;Qonto;;Conseil;PATRIMOINE SUR MESURE;
2024-01-16 06:37:03;2024-01;URSSAF D'ILE DE FRANCE;-3068.0;Qonto;;impots;URSSAF D'ILE DE FRANCE;
2024-01-23 06:47:45;2024-01;DGFIP;-1047.0;Qonto;;impots;DGFIP;
2024-01-25 11:03:40;2024-01;EFIMMO 1;1059.22;Qonto;;SCPI;EFIMMO;
2024-01-25 11:03:52;2024-01;SCPI IMMORENTE;2775.36;Qonto;;SCPI;IMMORENTE;
2024-01-25 11:06:39;2024-01;EFIMMO 1;67.52;Qonto;;SCPI;EFIMMO;
2024-01-25 17:55:08;2024-01;PERSPECTIVES ADVISORY;1530.0;Qonto;;Conseil;PERSPECTIVES ADVISORY;
2024-01-29 11:23:12;2024-01;SCPI EPARGNE PIERRE;3681.18;Qonto;;SCPI;EPARGNE PIERRE;
2024-02-01 11:32:33;2024-02;SCI   PRIMOPIERRE;1616.16;Qonto;;SCPI;PRIMOPIERRE;
2024-02-01 15:57:54;2024-02;Qonto;-13.2;Qonto;;FdS;Qonto;
2024-02-02 00:00:00;2024-02;Deliveroo;-25.33;Revolut;CARD_PAYMENT;FdS;;CARD_PAYMENT
2024-02-05 19:48:36;2024-02;MISSION SPORT & SANTE;-350.0;Qonto;;FdS;MISSION SPORT & SANTE;
2024-02-06 06:29:50;2024-02;Alan;-102.0;Qonto;;FdS;Alan;
2024-02-08 11:08:16;2024-02;SAS SGM PERSEPHONE FP;166.6;Qonto;;Crowdfunding;SAS SGM PERSEPHONE FP;
2024-02-08 11:11:09;2024-02;SAS BVI.EU FINANCE  FP;166.6;Qonto;;Crowdfunding;SAS BVI.EU FINANCE  FP;
2024-02-08 11:11:09;2024-02;SAS GDG HOLDCO FRAGONARD FP;166.6;Qonto;;Crowdfunding;SAS GDG HOLDCO FRAGONARD FP;
2024-02-08 11:14:01;2024-02;SAS INFINI CAPITAL;240.3;Qonto;;Crowdfunding;SAS INFINI CAPITAL;
2024-02-08 11:46:21;2024-02;SAS CASALINA  FP;275.1;Qonto;;Crowdfunding;SAS CASALINA  FP;
2024-02-10 00:00:00;2024-02;Daikichi        2471049;-35.3;Revolut;CARD_PAYMENT;FdS;;CARD_PAYMENT
2024-02-13 11:58:06;2024-02;CORUM EURION;818.48;Qonto;;SCPI;CORUM EURION;
2024-02-14 00:00:00;2024-02;Midjourney Inc.;-320.77;Revolut;CARD_PAYMENT;FdS;;CARD_PAYMENT
2024-02-15 17:00:16;2024-02;LES SHERPAS;2400.0;Qonto;;Conseil;LES SHERPAS;
2024-02-16 08:35:11;2024-02;URSSAF D'ILE DE FRANCE;-10.0;Qonto;;impots;URSSAF D'ILE DE FRANCE;
2024-02-18 22:25:01;2024-02;Roundtable Fr Topco 11;-10000.0;Qonto;;VC;Roundtable Fr Topco 11;
2024-02-21 00:03:45;2024-02;OPCO ATLAS;-30.0;Qonto;;FdS;OPCO ATLAS;
2024-02-23 00:00:00;2024-02;G7;-55.0;Revolut;CARD_PAYMENT;FdS;;CARD_PAYMENT
2024-02-23 16:48:55;2024-02;OPCO ATLAS;30.0;Qonto;;FdS;OPCO ATLAS;
2024-02-24 00:00:00;2024-02;Brenner Grill;-425.0;Revolut;CARD_PAYMENT;FdS;;CARD_PAYMENT
2024-02-26 00:00:00;2024-02;Moualek Abd;-56.0;Revolut;CARD_PAYMENT;FdS;;CARD_PAYMENT
2024-02-27 15:45:50;2024-02;FINSTART;32650.2;Qonto;;Conseil;FINSTART;
2024-02-27 16:04:21;2024-02;Geoffrey RAIA;-6800.0;Qonto;;Conseil;Geoffrey RAIA;
2024-02-28 08:06:15;2024-02;PATRIMOINE SUR MESURE;-17388.0;Qonto;;Conseil;PATRIMOINE SUR MESURE;
2024-02-29 00:00:00;2024-02;Sc-rest. Matsuya;-47.5;Revolut;CARD_PAYMENT;FdS;;CARD_PAYMENT
2024-03-01 15:57:36;2024-03;Qonto;-13.2;Qonto;;FdS;Qonto;
2024-03-02 00:00:00;2024-03;Brach Paris Fnb;-16.5;Revolut;CARD_PAYMENT;FdS;;CARD_PAYMENT
2024-03-05 11:29:30;2024-03;Mangopay;1361.59;Qonto;;Crowdfunding;Mangopay;
2024-03-06 00:00:00;2024-03;Mol*memory Pc Gmbh;-2329.32;Revolut;CARD_PAYMENT;FdS;;CARD_PAYMENT
2024-03-06 00:04:14;2024-03;OPCO ATLAS;-30.0;Qonto;;FdS;OPCO ATLAS;
2024-03-06 06:55:12;2024-03;Alan;-102.0;Qonto;;FdS;Alan;
2024-03-08 11:20:05;2024-03;SAS GDG HOLDCO FRAGONARD FP;166.6;Qonto;;Crowdfunding;SAS GDG HOLDCO FRAGONARD FP;
2024-03-08 11:33:23;2024-03;SAS INFINI CAPITAL;240.3;Qonto;;Crowdfunding;SAS INFINI CAPITAL;
2024-03-08 11:34:28;2024-03;SAS BVI.EU FINANCE  FP;166.6;Qonto;;Crowdfunding;SAS BVI.EU FINANCE  FP;
2024-03-08 11:34:41;2024-03;SAS CASALINA  FP;275.1;Qonto;;Crowdfunding;SAS CASALINA  FP;
2024-03-08 11:35:44;2024-03;SAS SGM PERSEPHONE FP;166.6;Qonto;;Crowdfunding;SAS SGM PERSEPHONE FP;
2024-03-11 00:00:00;2024-03;Dac Inter;-80.01;Revolut;CARD_PAYMENT;FdS;;CARD_PAYMENT
2024-03-12 12:12:57;2024-03;CORUM EURION;824.13;Qonto;;SCPI;CORUM EURION;
2024-03-14 00:00:00;2024-03;Sncf Internet;-58.6;Revolut;CARD_PAYMENT;FdS;;CARD_PAYMENT
2024-03-15 00:00:00;2024-03;Paris Business A;-700.0;Revolut;CARD_PAYMENT;FdS;;CARD_PAYMENT
2024-03-15 00:00:00;2024-03;Les Cascades;-56.5;Revolut;CARD_PAYMENT;FdS;;CARD_PAYMENT
2024-03-15 07:01:33;2024-03;DGFIP;-1435.0;Qonto;;impots;DGFIP;
2024-03-16 00:00:00;2024-03;Fnac Beaugrenell2449134;-245.0;Revolut;CARD_PAYMENT;FdS;;CARD_PAYMENT
2024-03-18 06:58:22;2024-03;URSSAF D ILE DE FRANCE;-10.0;Qonto;;impots;URSSAF D ILE DE FRANCE;
2024-03-19 16:58:18;2024-03;LES SHERPAS;2400.0;Qonto;;Conseil;LES SHERPAS;
2024-03-20 00:00:00;2024-03;Ldlc-pro.com    4064896;-664.29;Revolut;CARD_PAYMENT;FdS;;CARD_PAYMENT
2024-03-21 13:20:36;2024-03;COGEA Conseil;-683.47;Qonto;;FdS;COGEA Conseil;
2024-03-22 00:00:00;2024-03;Vin Bis Boetie  4985282;-22.9;Revolut;CARD_PAYMENT;FdS;;CARD_PAYMENT
2024-03-25 20:06:29;2024-03;Caisse de Retraite;-996.61;Qonto;;FdS;Caisse de Retraite;
2024-04-01 15:57:00;2024-04;Qonto;-13.2;Qonto;;FdS;Qonto;
2024-04-02 09:03:43;2024-04;FRENCH PAYROLL EXPERT / Thomas Bidou;-126.0;Qonto;;FdS;FRENCH PAYROLL EXPERT / Thomas Bidou;
2024-04-04 08:04:19;2024-04;FINSTART;35676.6;Qonto;;Conseil;FINSTART;
2024-04-04 09:18:45;2024-04;Geoffrey RAIA;-8400.0;Qonto;;Conseil;Geoffrey RAIA;
2024-04-04 09:20:49;2024-04;PATRIMOINE SUR MESURE;-17388.0;Qonto;;Conseil;PATRIMOINE SUR MESURE;
2024-04-05 15:35:03;2024-04;LES SHERPAS;2400.0;Qonto;;Conseil;LES SHERPAS;
2024-04-07 00:00:00;2024-04;Passy;-298.99;Revolut;CARD_PAYMENT;FdS;;CARD_PAYMENT
2024-04-09 07:01:33;2024-04;SAS BVI.EU FINANCE  FP;166.6;Qonto;;Crowdfunding;SAS BVI.EU FINANCE  FP;
2024-04-09 07:19:16;2024-04;SAS CASALINA  FP;275.1;Qonto;;Crowdfunding;SAS CASALINA  FP;
2024-04-09 07:53:37;2024-04;SAS SGM PERSEPHONE FP;166.6;Qonto;;Crowdfunding;SAS SGM PERSEPHONE FP;
2024-04-09 08:12:30;2024-04;SAS INFINI CAPITAL;240.3;Qonto;;Crowdfunding;SAS INFINI CAPITAL;
2024-04-09 08:14:09;2024-04;Alan;-102.0;Qonto;;FdS;Alan;
2024-04-09 08:17:29;2024-04;SAS GDG HOLDCO FRAGONARD FP;166.6;Qonto;;Crowdfunding;SAS GDG HOLDCO FRAGONARD FP;
2024-04-09 08:23:29;2024-04;HISCOX SA HISCOX SA;-242.5;Qonto;;FdS;HISCOX;
2024-04-11 14:35:31;2024-04;CORUM EURION;922.85;Qonto;;SCPI;CORUM EURION;
2024-04-16 05:10:48;2024-04;URSSAF D'ILE DE FRANCE;-10.0;Qonto;;impots;URSSAF D'ILE DE FRANCE;
2024-04-22 05:48:42;2024-04;ALTAROC GLOBAL 2023 FPCI - COLLECTE;-10000.0;Qonto;;PE;ALTAROC GLOBAL 2023 FPCI - COLLECTE;
2024-04-22 05:49:33;2024-04;ALTAROC GLOBAL 2022 FPCI - COLLECTE;-10000.0;Qonto;;PE;ALTAROC GLOBAL 2022 FPCI - COLLECTE;
2024-04-22 08:50:20;2024-04;MISSION SPORT & SANTE;-350.0;Qonto;;FdS;MISSION SPORT & SANTE;
2024-04-22 14:55:15;2024-04;PERSPECTIVES ADVISORY;1860.0;Qonto;;Conseil;PERSPECTIVES ADVISORY;
2024-04-24 06:57:33;2024-04;SCPI EPARGNE PIERRE;3175.92;Qonto;;SCPI;EPARGNE PIERRE;
2024-04-24 07:00:01;2024-04;SCPI EPARGNE PIERRE;300.75;Qonto;;SCPI;EPARGNE PIERRE;
2024-04-24 07:32:34;2024-04;SCPI IMMORENTE;2063.88;Qonto;;SCPI;IMMORENTE;
2024-04-24 07:34:21;2024-04;EFIMMO 1;949.5;Qonto;;SCPI;EFIMMO;
2024-04-24 14:25:08;2024-04;Mangopay;2983.33;Qonto;;Crowdfunding;Mangopay;
2024-04-25 00:00:00;2024-04;Rotonde Muette;-50.0;Revolut;CARD_PAYMENT;FdS;;CARD_PAYMENT
2024-04-28 00:00:00;2024-04;Espèces chez Societe Generale;-300.0;Revolut;ATM;FdS;;ATM
2024-04-30 13:59:37;2024-04;ARIA;15888.6;Qonto;;Conseil;Aria;
2024-05-01 16:06:17;2024-05;Qonto;-13.2;Qonto;;FdS;Qonto;
2024-05-02 07:43:22;2024-05;SCI   PRIMOPIERRE;1731.6;Qonto;;SCPI;PRIMOPIERRE;
2024-05-02 09:54:20;2024-05;Geoffrey RAIA;-8400.0;Qonto;;Conseil;Geoffrey RAIA;
2024-05-02 14:26:40;2024-05;ARIA;19788.0;Qonto;;Conseil;Aria;
2024-05-02 16:36:42;2024-05;AURELIA DURAND DESIGN STUDIO;-8159.7;Qonto;;Conseil;AURELIA DURAND DESIGN STUDIO;
2024-05-07 06:06:00;2024-05;Alan;-102.0;Qonto;;FdS;Alan;
2024-05-08 00:00:00;2024-05;Repairedebacchus;-223.9;Revolut;CARD_PAYMENT;FdS;;CARD_PAYMENT
2024-05-08 06:45:53;2024-05;SAS SGM PERSEPHONE FP;166.6;Qonto;;Crowdfunding;SAS SGM PERSEPHONE FP;
2024-05-08 06:45:56;2024-05;SAS GDG HOLDCO FRAGONARD FP;166.6;Qonto;;Crowdfunding;SAS GDG HOLDCO FRAGONARD FP;
2024-05-08 06:46:45;2024-05;SAS INFINI CAPITAL;240.3;Qonto;;Crowdfunding;SAS INFINI CAPITAL;
2024-05-08 06:47:43;2024-05;SAS BVI.EU FINANCE  FP;166.6;Qonto;;Crowdfunding;SAS BVI.EU FINANCE  FP;
2024-05-08 06:48:24;2024-05;SAS CASALINA  FP;275.1;Qonto;;Crowdfunding;SAS CASALINA  FP;
2024-05-13 07:25:02;2024-05;CORUM EURION;867.12;Qonto;;SCPI;CORUM EURION;
2024-05-15 14:18:11;2024-05;Mangopay;12889.69;Qonto;;Crowdfunding;Mangopay;
2024-05-16 06:19:20;2024-05;URSSAF D'ILE DE FRANCE;-10.0;Qonto;;impots;URSSAF D'ILE DE FRANCE;
2024-05-16 07:14:06;2024-05;ARIA;19788.0;Qonto;;Conseil;Aria;
2024-05-16 07:22:28;2024-05;ARIA;15132.0;Qonto;;Conseil;Aria;
2024-05-16 13:52:14;2024-05;LES SHERPAS;2400.0;Qonto;;Conseil;LES SHERPAS;
2024-05-17 00:00:00;2024-05;Passy;-49.98;Revolut;CARD_PAYMENT;FdS;;CARD_PAYMENT
2024-05-22 00:00:00;2024-05;Sncf Internet;-49.6;Revolut;CARD_PAYMENT;FdS;;CARD_PAYMENT
2024-05-24 08:03:13;2024-05;Geoffrey RAIA;-8000.0;Qonto;;Conseil;Geoffrey RAIA;
2024-05-28 05:29:56;2024-05;LBO - FONDS FCPR WCS3;-20000.0;Qonto;;PE;LBO - FONDS FCPR WCS3;
2024-05-28 07:02:16;2024-05;Mangopay;6794.47;Qonto;;Crowdfunding;Mangopay;
2024-05-30 11:59:06;2024-05;PATRIMOINE SUR MESURE;-17388.0;Qonto;;Conseil;PATRIMOINE SUR MESURE;
2024-05-30 12:00:24;2024-05;PATRIMOINE SUR MESURE;-17388.0;Qonto;;Conseil;PATRIMOINE SUR MESURE;
2024-06-01 00:00:00;2024-06;Total Mkt Fr;-88.93;Revolut;CARD_PAYMENT;FdS;;CARD_PAYMENT
2024-06-01 16:15:30;2024-06;Qonto;-13.2;Qonto;;FdS;Qonto;
2024-06-03 10:10:59;2024-06;BLOOM - PBA;-10127.76;Qonto;;VC;BLOOM;
2024-06-04 05:39:51;2024-06;EPARGNE PIERRE EUROPE;-100000.0;Qonto;;SCPI;EPARGNE PIERRE;
2024-06-06 05:53:29;2024-06;Alan;-102.0;Qonto;;FdS;Alan;
2024-06-07 00:00:00;2024-06;Starbucks       2961334;-14.55;Revolut;CARD_PAYMENT;FdS;;CARD_PAYMENT
2024-06-10 07:03:24;2024-06;SAS INFINI CAPITAL;240.3;Qonto;;Crowdfunding;SAS INFINI CAPITAL;
2024-06-10 07:07:07;2024-06;SAS BVI.EU FINANCE  FP;166.6;Qonto;;Crowdfunding;SAS BVI.EU FINANCE  FP;
2024-06-10 07:14:02;2024-06;SAS SGM PERSEPHONE FP;166.6;Qonto;;Crowdfunding;SAS SGM PERSEPHONE FP;
2024-06-10 07:14:20;2024-06;SAS CASALINA  FP;275.1;Qonto;;Crowdfunding;SAS CASALINA  FP;
2024-06-10 07:15:52;2024-06;SAS GDG HOLDCO FRAGONARD FP;166.6;Qonto;;Crowdfunding;SAS GDG HOLDCO FRAGONARD FP;
2024-06-11 14:45:59;2024-06;CORUM EURION;919.13;Qonto;;SCPI;CORUM EURION;
2024-06-13 00:00:00;2024-06;Sc-rest. Matsuya;-16.5;Revolut;CARD_PAYMENT;FdS;;CARD_PAYMENT
2024-06-17 00:00:00;2024-06;Station Essence 2384204;-67.0;Revolut;CARD_PAYMENT;FdS;;CARD_PAYMENT
2024-06-18 05:42:10;2024-06;URSSAF D ILE DE FRANCE;-10.0;Qonto;;impots;URSSAF D ILE DE FRANCE;
2024-06-19 05:11:20;2024-06;DGFIP;-1435.0;Qonto;;impots;DGFIP;
2024-06-20 00:00:00;2024-06;Buns Paris 15;-14.9;Revolut;CARD_PAYMENT;FdS;;CARD_PAYMENT
2024-06-20 10:24:30;2024-06;LES SHERPAS;2400.0;Qonto;;Conseil;LES SHERPAS;
2024-06-23 00:00:00;2024-06;Chez Livio      2700084;-89.6;Revolut;CARD_PAYMENT;FdS;;CARD_PAYMENT
2024-06-25 18:40:25;2024-06;FINSTART;31137.0;Qonto;;Conseil;FINSTART;
2024-06-25 18:55:07;2024-06;Geoffrey RAIA;-6000.0;Qonto;;Conseil;Geoffrey RAIA;
2024-06-25 18:57:08;2024-06;AURELIA DURAND DESIGN STUDIO;-4840.5;Qonto;;Conseil;AURELIA DURAND DESIGN STUDIO;
2024-06-25 18:58:25;2024-06;PATRIMOINE SUR MESURE;-17388.0;Qonto;;Conseil;PATRIMOINE SUR MESURE;
2024-06-25 19:03:03;2024-06;Guichar Jean-Philippe;-2263.05;Qonto;;FdS;Guichar Jean-Philippe;
2024-06-27 00:00:00;2024-06;Sc-rest. Matsuya;-16.9;Revolut;CARD_PAYMENT;FdS;;CARD_PAYMENT
2024-06-27 07:00:25;2024-06;Mangopay;23074.11;Qonto;;Crowdfunding;Mangopay;
2024-06-28 00:00:00;2024-06;Gr Epicerie 16  4704771;-5.5;Revolut;CARD_PAYMENT;FdS;;CARD_PAYMENT
2024-06-28 00:00:00;2024-06;Passy;-44.97;Revolut;CARD_PAYMENT;FdS;;CARD_PAYMENT
2024-06-29 00:00:00;2024-06;L Ogre          2471405;-324.5;Revolut;CARD_PAYMENT;FdS;;CARD_PAYMENT
2024-07-01 13:52:01;2024-07;LES SHERPAS;2400.0;Qonto;;Conseil;LES SHERPAS;
2024-07-01 16:26:27;2024-07;Qonto;-13.2;Qonto;;FdS;Qonto;
2024-07-02 10:28:17;2024-07;Qonto;-116.48;Qonto;;FdS;Qonto;
2024-07-03 00:00:00;2024-07;Gr Epicerie 16  4704771;-5.5;Revolut;CARD_PAYMENT;FdS;;CARD_PAYMENT
2024-07-04 00:00:00;2024-07;Buns Paris 15;-16.9;Revolut;CARD_PAYMENT;FdS;;CARD_PAYMENT
2024-07-04 05:47:03;2024-07;Alan;-102.0;Qonto;;FdS;Alan;
2024-07-05 07:26:20;2024-07;FRENCH PAYROLL EXPERT / Thomas Bidou;-126.0;Qonto;;FdS;FRENCH PAYROLL EXPERT / Thomas Bidou;
2024-07-06 00:00:00;2024-07;Gr Epicerie 16  4704771;-5.5;Revolut;CARD_PAYMENT;FdS;;CARD_PAYMENT
2024-07-08 07:22:05;2024-07;SAS SGM PERSEPHONE FP;166.6;Qonto;;Crowdfunding;SAS SGM PERSEPHONE FP;
2024-07-08 07:25:44;2024-07;SAS GDG HOLDCO FRAGONARD FP;166.6;Qonto;;Crowdfunding;SAS GDG HOLDCO FRAGONARD FP;
2024-07-08 07:26:48;2024-07;SAS INFINI CAPITAL;240.3;Qonto;;Crowdfunding;SAS INFINI CAPITAL;
2024-07-08 07:27:17;2024-07;SAS BVI.EU FINANCE  FP;166.6;Qonto;;Crowdfunding;SAS BVI.EU FINANCE  FP;
2024-07-11 14:00:36;2024-07;CORUM EURION;1089.43;Qonto;;SCPI;CORUM EURION;
2024-07-16 14:37:23;2024-07;Mangopay;952.38;Qonto;;Crowdfunding;Mangopay;
2024-07-16 15:39:53;2024-07;URSSAF D'ILE DE FRANCE;-1685.0;Qonto;;impots;URSSAF D'ILE DE FRANCE;
2024-07-17 05:30:04;2024-07;ALTAROC ODYSSEY 2024 FPCI - COLLECTE;-12000.0;Qonto;;PE;ALTAROC ODYSSEY 2024 FPCI;
2024-07-19 12:02:22;2024-07;PERSPECTIVES ADVISORY;1290.0;Qonto;;Conseil;PERSPECTIVES ADVISORY;
2024-07-23 05:43:34;2024-07;DGFIP;-448.0;Qonto;;impots;DGFIP;
2024-07-24 06:05:20;2024-07;DGFIP;-6146.0;Qonto;;impots;DGFIP;
2024-07-24 06:58:20;2024-07;SCPI EPARGNE PIERRE;3175.92;Qonto;;SCPI;EPARGNE PIERRE;
2024-07-25 05:39:44;2024-07;MALAKOFF HUMANIS;-352.8;Qonto;;FdS;MALAKOFF HUMANIS;
2024-07-28 00:00:00;2024-07;Ristorante Dino Sc1;-48.5;Revolut;CARD_PAYMENT;FdS;;CARD_PAYMENT
2024-07-29 07:12:33;2024-07;EFIMMO 1;949.5;Qonto;;SCPI;EFIMMO;
2024-07-29 07:14:40;2024-07;SCPI IMMORENTE;2063.88;Qonto;;SCPI;IMMORENTE;
2024-07-30 00:00:00;2024-07;Sapn            4758648;-3.0;Revolut;CARD_PAYMENT;FdS;;CARD_PAYMENT
2024-07-31 14:31:54;2024-07;SCI   PRIMOPIERRE;1731.6;Qonto;;SCPI;PRIMOPIERRE;
2024-08-01 07:42:30;2024-08;SAS CASALINA  FP;498.9;Qonto;;Crowdfunding;SAS CASALINA  FP;
2024-08-01 07:42:33;2024-08;SAS CASALINA  FP;30000.0;Qonto;;Crowdfunding;SAS CASALINA  FP;
2024-08-01 10:27:21;2024-08;Cuvelier Fauvarque;-1643.47;Qonto;;FdS;Cuvelier Fauvarque;
2024-08-01 16:07:54;2024-08;ARIA;7566.0;Qonto;;Conseil;Aria;
2024-08-01 16:08:39;2024-08;ARIA;19788.0;Qonto;;Conseil;Aria;
2024-08-01 16:27:39;2024-08;Geoffrey RAIA;-4000.0;Qonto;;Conseil;Geoffrey RAIA;
2024-08-05 08:04:12;2024-08;LES SHERPAS;2400.0;Qonto;;Conseil;LES SHERPAS;
2024-08-06 00:00:00;2024-08;Dac Inter;-68.19;Revolut;CARD_PAYMENT;FdS;;CARD_PAYMENT
2024-08-06 06:10:16;2024-08;Alan;-102.0;Qonto;;FdS;Alan;
2024-08-06 07:11:49;2024-08;SAS BVI.EU FINANCE  FP;166.6;Qonto;;Crowdfunding;SAS BVI.EU FINANCE  FP;
2024-08-06 07:13:18;2024-08;SAS GDG HOLDCO FRAGONARD FP;166.6;Qonto;;Crowdfunding;SAS GDG HOLDCO FRAGONARD FP;
2024-08-06 07:42:15;2024-08;SAS INFINI CAPITAL;240.3;Qonto;;Crowdfunding;SAS INFINI CAPITAL;
2024-08-06 07:51:00;2024-08;SAS SGM PERSEPHONE FP;166.6;Qonto;;Crowdfunding;SAS SGM PERSEPHONE FP;
2024-08-07 00:00:00;2024-08;La Couronne;-324.0;Revolut;CARD_PAYMENT;FdS;;CARD_PAYMENT
2024-08-08 00:00:00;2024-08;Park Vieux March Bse;-7.1;Revolut;CARD_PAYMENT;FdS;;CARD_PAYMENT
2024-08-12 07:28:12;2024-08;ARIA;19788.0;Qonto;;Conseil;Aria;
2024-08-12 07:49:26;2024-08;ARIA;17401.8;Qonto;;Conseil;Aria;
2024-08-13 00:00:00;2024-08;Dac Inter;-76.0;Revolut;CARD_PAYMENT;FdS;;CARD_PAYMENT
2024-08-13 07:04:13;2024-08;CORUM EURION;910.0;Qonto;;SCPI;CORUM EURION;
2024-08-14 19:03:59;2024-08;Guichar Jean-Philippe;-4212.0;Qonto;;FdS;Guichar Jean-Philippe;
2024-08-14 19:05:28;2024-08;Guichar Jean-Philippe;-4675.0;Qonto;;FdS;Guichar Jean-Philippe;
2024-08-15 07:03:34;2024-08;Geoffrey RAIA;-9200.0;Qonto;;Conseil;Geoffrey RAIA;
2024-08-16 07:04:12;2024-08;Guichar Jean-Philippe;-7988.63;Qonto;;FdS;Guichar Jean-Philippe;
2024-08-19 05:57:12;2024-08;URSSAF D'ILE DE FRANCE;-10.0;Qonto;;impots;URSSAF D'ILE DE FRANCE;
2024-08-23 00:00:00;2024-08;Newrest Wagons Lits Franc;-10.7;Revolut;CARD_PAYMENT;FdS;;CARD_PAYMENT
2024-08-23 00:00:00;2024-08;Pizza And Chill;-47.3;Revolut;CARD_PAYMENT;FdS;;CARD_PAYMENT
2024-08-28 00:00:00;2024-08;Dac Inter;-65.07;Revolut;CARD_PAYMENT;FdS;;CARD_PAYMENT
2024-08-29 00:00:00;2024-08;Sc-rest. Matsuya;-16.5;Revolut;CARD_PAYMENT;FdS;;CARD_PAYMENT
2024-09-02 09:16:18;2024-09;AURELIA DURAND DESIGN STUDIO;-1383.0;Qonto;;Conseil;AURELIA DURAND DESIGN STUDIO;
2024-09-04 05:54:41;2024-09;Alan Insurance;-102.0;Qonto;;FdS;Alan Insurance;
2024-09-07 00:00:00;2024-09;Gr Epicerie 16  4704771;-5.5;Revolut;CARD_PAYMENT;FdS;;CARD_PAYMENT
2024-09-08 00:00:00;2024-09;Dutch Style;-300.0;Revolut;CARD_PAYMENT;FdS;Dutch Style;
2024-09-10 07:00:10;2024-09;SAS SGM PERSEPHONE FP;166.6;Qonto;;Crowdfunding;SAS SGM PERSEPHONE FP;
2024-09-10 07:01:14;2024-09;SAS GDG HOLDCO FRAGONARD FP;166.6;Qonto;;Crowdfunding;SAS GDG HOLDCO FRAGONARD FP;
2024-09-10 07:08:21;2024-09;SAS BVI.EU FINANCE  FP;166.6;Qonto;;Crowdfunding;SAS BVI.EU FINANCE  FP;
2024-09-10 07:08:21;2024-09;SAS INFINI CAPITAL;240.3;Qonto;;Crowdfunding;SAS INFINI CAPITAL;
2024-09-11 14:08:14;2024-09;CORUM EURION;949.03;Qonto;;SCPI;CORUM EURION;
2024-09-12 00:00:00;2024-09;Sc-rest. Matsuya;-16.5;Revolut;CARD_PAYMENT;FdS;;CARD_PAYMENT
2024-09-14 00:00:00;2024-09;Maxicoffee Gc;-2.6;Revolut;CARD_PAYMENT;FdS;;CARD_PAYMENT
2024-09-17 05:52:41;2024-09;URSSAF D'ILE DE FRANCE;-10.0;Qonto;;impots;URSSAF D'ILE DE FRANCE;
2024-09-17 14:09:08;2024-09;Dutch Style;-1082.5;Qonto;;FdS;Dutch Style;
2024-09-18 05:56:21;2024-09;DGFIP;-1457.0;Qonto;;impots;DGFIP;
2024-09-19 07:12:15;2024-09;ARIA;15888.6;Qonto;;Conseil;Aria;
2024-09-19 07:21:17;2024-09;ARIA;19788.0;Qonto;;Conseil;Aria;
2024-09-19 08:10:48;2024-09;Geoffrey RAIA;-8400.0;Qonto;;Conseil;Geoffrey RAIA;
2024-09-21 00:00:00;2024-09;Dac Inter;-75.01;Revolut;CARD_PAYMENT;FdS;;CARD_PAYMENT
2024-09-23 06:54:03;2024-09;PATRIMOINE SUR MESURE;-17388.0;Qonto;;Conseil;PATRIMOINE SUR MESURE;
2024-09-23 06:58:25;2024-09;PATRIMOINE SUR MESURE;-17388.0;Qonto;;Conseil;PATRIMOINE SUR MESURE;
2024-09-23 10:03:41;2024-09;PATRIMOINE SUR MESURE;-17388.0;Qonto;;Conseil;PATRIMOINE SUR MESURE;
2024-09-24 00:00:00;2024-09;Jucanis 24 24 Pl;-38.88;Revolut;CARD_PAYMENT;FdS;;CARD_PAYMENT
2024-09-26 00:00:00;2024-09;Sc-rest. Matsuya;-16.5;Revolut;CARD_PAYMENT;FdS;;CARD_PAYMENT
2024-10-02 05:58:46;2024-10;DGFIP;-14010.0;Qonto;;impots;DGFIP;
2024-10-02 08:07:54;2024-10;FRENCH PAYROLL EXPERT / Thomas Bidou;-126.0;Qonto;;FdS;FRENCH PAYROLL EXPERT / Thomas Bidou;
2024-10-03 00:00:00;2024-10;Sushi Sun;-16.0;Revolut;CARD_PAYMENT;FdS;;CARD_PAYMENT
2024-10-04 06:11:12;2024-10;Alan Insurance;-102.0;Qonto;;FdS;Alan Insurance;
2024-10-08 10:22:27;2024-10;Mangopay;683.34;Qonto;;Crowdfunding;Mangopay;
2024-10-09 10:09:29;2024-10;SAS BVI.EU FINANCE  FP;166.6;Qonto;;Crowdfunding;SAS BVI.EU FINANCE  FP;
2024-10-09 10:09:53;2024-10;SAS INFINI CAPITAL;240.3;Qonto;;Crowdfunding;SAS INFINI CAPITAL;
2024-10-09 10:09:54;2024-10;SAS SGM PERSEPHONE FP;166.6;Qonto;;Crowdfunding;SAS SGM PERSEPHONE FP;
2024-10-09 10:10:15;2024-10;SAS GDG HOLDCO FRAGONARD FP;166.6;Qonto;;Crowdfunding;SAS GDG HOLDCO FRAGONARD FP;
2024-10-10 00:00:00;2024-10;Buns Paris 15;-15.9;Revolut;CARD_PAYMENT;FdS;;CARD_PAYMENT
2024-10-11 14:19:16;2024-10;CORUM EURION;867.36;Qonto;;SCPI;CORUM EURION;
2024-10-14 00:00:00;2024-10;Dac Inter;-50.0;Revolut;CARD_PAYMENT;FdS;;CARD_PAYMENT
2024-10-16 05:47:27;2024-10;URSSAF D'ILE DE FRANCE;-10.0;Qonto;;impots;URSSAF D'ILE DE FRANCE;
2024-10-16 06:05:44;2024-10;DGFIP;-1161.0;Qonto;;impots;DGFIP;
2024-10-17 00:00:00;2024-10;Sc-rest. Ilaki;-15.9;Revolut;CARD_PAYMENT;FdS;;CARD_PAYMENT
2024-10-21 00:00:00;2024-10;E.leclerc;-95.99;Revolut;CARD_PAYMENT;FdS;;CARD_PAYMENT
2024-10-21 05:30:32;2024-10;ALTAROC ODYSSEY 2022 FPCI - COLLECTE;-10000.0;Qonto;;PE;ALTAROC ODYSSEY 2022 FPCI;
2024-10-21 05:33:16;2024-10;ALTAROC ODYSSEY 2023 FPCI;-10000.0;Qonto;;PE;ALTAROC ODYSSEY 2023 FPCI;
2024-10-21 07:12:02;2024-10;Mangopay;9617.64;Qonto;;Crowdfunding;Mangopay;
2024-10-24 07:01:23;2024-10;SCPI EPARGNE PIERRE;3175.92;Qonto;;SCPI;EPARGNE PIERRE;
2024-10-24 14:16:50;2024-10;ARIA;10592.4;Qonto;;Conseil;Aria;
2024-10-24 14:19:07;2024-10;ARIA;19788.0;Qonto;;Conseil;Aria;
2024-10-25 07:02:04;2024-10;SCPI IMMORENTE;2063.88;Qonto;;SCPI;IMMORENTE;
2024-10-25 07:02:09;2024-10;EFIMMO 1;949.5;Qonto;;SCPI;EFIMMO;
2024-10-25 07:03:23;2024-10;EFIMMO 1;510.62;Qonto;;SCPI;EFIMMO;
2024-10-25 13:23:10;2024-10;Geoffrey RAIA;-5600.0;Qonto;;Conseil;Geoffrey RAIA;
2024-10-31 15:42:55;2024-10;SCI   PRIMOPIERRE;1731.6;Qonto;;SCPI;PRIMOPIERRE;
2024-11-03 18:59:54;2024-11;PATRIMOINE SUR MESURE;-17388.0;Qonto;;Conseil;PATRIMOINE SUR MESURE;
2024-11-05 00:00:00;2024-11;Daikichi        2471049;-59.6;Revolut;CARD_PAYMENT;FdS;;CARD_PAYMENT
2024-11-05 08:32:22;2024-11;Mangopay;1100.0;Qonto;;Crowdfunding;Mangopay;
2024-11-06 06:38:44;2024-11;Alan Insurance;-102.0;Qonto;;FdS;Alan Insurance;
2024-11-07 00:00:00;2024-11;Gr Epicerie 16  4704771;-12.0;Revolut;CARD_PAYMENT;FdS;;CARD_PAYMENT
2024-11-07 00:00:00;2024-11;Sc-rest. Matsuyama;-16.5;Revolut;CARD_PAYMENT;FdS;;CARD_PAYMENT
2024-11-07 16:44:55;2024-11;Guichar Jean-Philippe;-700.0;Qonto;;FdS;Guichar Jean-Philippe;
2024-11-08 00:00:00;2024-11;Daikichi        2471049;-15.8;Revolut;CARD_PAYMENT;FdS;;CARD_PAYMENT
2024-11-11 00:00:00;2024-11;Gr Epicerie 16  4704771;-5.5;Revolut;CARD_PAYMENT;FdS;;CARD_PAYMENT
2024-11-11 07:58:47;2024-11;SAS GDG HOLDCO FRAGONARD FP;166.6;Qonto;;Crowdfunding;SAS GDG HOLDCO FRAGONARD FP;
2024-11-11 08:30:57;2024-11;SAS SGM PERSEPHONE FP;166.6;Qonto;;Crowdfunding;SAS SGM PERSEPHONE FP;
2024-11-11 08:42:23;2024-11;SAS BVI.EU FINANCE  FP;166.6;Qonto;;Crowdfunding;SAS BVI.EU FINANCE  FP;
2024-11-11 08:44:42;2024-11;SAS INFINI CAPITAL;56.1;Qonto;;Crowdfunding;SAS INFINI CAPITAL;
2024-11-12 00:00:00;2024-11;Dac Inter;-66.01;Revolut;CARD_PAYMENT;FdS;;CARD_PAYMENT
2024-11-13 00:00:00;2024-11;Sapn            4758648;-3.0;Revolut;CARD_PAYMENT;FdS;;CARD_PAYMENT
2024-11-13 17:03:47;2024-11;CORUM EURION;929.81;Qonto;;SCPI;CORUM EURION;
2024-11-14 00:00:00;2024-11;L Armandie      2987097;-2.8;Revolut;CARD_PAYMENT;FdS;;CARD_PAYMENT
2024-11-14 00:00:00;2024-11;Buns Paris 15;-16.9;Revolut;CARD_PAYMENT;FdS;;CARD_PAYMENT
2024-11-14 07:57:57;2024-11;Mangopay;388.56;Qonto;;Crowdfunding;Mangopay;
2024-11-14 14:07:39;2024-11;AURELIA DURAND DESIGN STUDIO;-8021.4;Qonto;;Conseil;AURELIA DURAND DESIGN STUDIO;
2024-11-15 15:19:35;2024-11;Mangopay;266.66;Qonto;;Crowdfunding;Mangopay;
2024-11-18 06:53:21;2024-11;URSSAF D'ILE DE FRANCE;-10.0;Qonto;;impots;URSSAF D'ILE DE FRANCE;
2024-11-20 00:00:00;2024-11;Frais Revolut Business;-10.0;Revolut;FEE;FdS;;FEE
2024-11-21 00:00:00;2024-11;Sc-rest. Ilaki;-15.9;Revolut;CARD_PAYMENT;FdS;;CARD_PAYMENT
2024-11-25 00:00:00;2024-11;Daikichi        2471049;-37.6;Revolut;CARD_PAYMENT;FdS;;CARD_PAYMENT
2024-11-27 00:00:00;2024-11;Gandi Order 134056428;-345.38;Revolut;CARD_PAYMENT;FdS;;CARD_PAYMENT
2024-11-28 00:00:00;2024-11;Sc-rest. Matsuya;-16.5;Revolut;CARD_PAYMENT;FdS;;CARD_PAYMENT
2024-12-04 08:46:53;2024-12;ARIA;19788.0;Qonto;;Conseil;Aria;
2024-12-04 08:49:28;2024-12;ARIA;14375.4;Qonto;;Conseil;Aria;
2024-12-04 08:59:09;2024-12;Geoffrey RAIA;-7600.0;Qonto;;Conseil;Geoffrey RAIA;
2024-12-04 09:02:43;2024-12;PATRIMOINE SUR MESURE;-17388.0;Qonto;;Conseil;PATRIMOINE SUR MESURE;
2024-12-05 00:00:00;2024-12;Buns Paris 15;-16.9;Revolut;CARD_PAYMENT;FdS;;CARD_PAYMENT
2024-12-05 00:00:00;2024-12;Sc-rest. Matsuya;-10.8;Revolut;CARD_PAYMENT;FdS;;CARD_PAYMENT
2024-12-05 07:36:08;2024-12;Alan Insurance;-102.0;Qonto;;FdS;Alan Insurance;
2024-12-08 00:00:00;2024-12;Sodical;-44.24;Revolut;CARD_PAYMENT;FdS;;CARD_PAYMENT
2024-12-09 08:15:59;2024-12;Mangopay;11302.05;Qonto;;Crowdfunding;Mangopay;
2024-12-10 08:00:26;2024-12;SAS BVI.EU FINANCE  FP;166.6;Qonto;;Crowdfunding;SAS BVI.EU FINANCE  FP;
2024-12-10 08:03:41;2024-12;SAS SGM PERSEPHONE FP;166.6;Qonto;;Crowdfunding;SAS SGM PERSEPHONE FP;
2024-12-11 08:52:33;2024-12;CORUM EURION;1448.29;Qonto;;SCPI;CORUM EURION;
2024-12-12 00:00:00;2024-12;Sc-rest. Ilaki;-15.9;Revolut;CARD_PAYMENT;FdS;;CARD_PAYMENT
2024-12-12 00:00:00;2024-12;Sc-rest. Ilaki;-15.9;Revolut;CARD_PAYMENT;FdS;;CARD_PAYMENT
2024-12-13 00:00:00;2024-12;Ristorante Dino;-59.0;Revolut;CARD_PAYMENT;FdS;;CARD_PAYMENT
2024-12-13 15:23:30;2024-12;Mangopay;416.67;Qonto;;Crowdfunding;Mangopay;
2024-12-14 00:00:00;2024-12;Js Event;-84.0;Revolut;CARD_PAYMENT;FdS;;CARD_PAYMENT
2024-12-14 00:00:00;2024-12;Js Event;-250.0;Revolut;CARD_PAYMENT;FdS;;CARD_PAYMENT
2024-12-15 00:00:00;2024-12;Jean Louis Ronald;-10.7;Revolut;CARD_PAYMENT;FdS;;CARD_PAYMENT
2024-12-16 00:00:00;2024-12;Recre Azur;-40.0;Revolut;CARD_PAYMENT;FdS;;CARD_PAYMENT
2024-12-16 00:00:00;2024-12;Passy;-45.97;Revolut;CARD_PAYMENT;FdS;;CARD_PAYMENT
2024-12-17 00:00:00;2024-12;Gr Epicerie 16;-5.5;Revolut;CARD_PAYMENT;FdS;;CARD_PAYMENT
2024-12-17 00:00:00;2024-12;Gr Epicerie 16;-20.5;Revolut;CARD_PAYMENT;FdS;;CARD_PAYMENT
2024-12-17 06:25:41;2024-12;URSSAF D'ILE DE FRANCE;-10.0;Qonto;;impots;URSSAF D'ILE DE FRANCE;
2024-12-17 08:08:31;2024-12;SAS GDG HOLDCO FRAGONARD FP;33.2;Qonto;;Crowdfunding;SAS GDG HOLDCO FRAGONARD FP;
2024-12-18 06:54:49;2024-12;DGFIP;-559.0;Qonto;;impots;DGFIP;
2024-12-19 00:00:00;2024-12;Sc-rest. Ilaki;-15.9;Revolut;CARD_PAYMENT;FdS;;CARD_PAYMENT
2024-12-20 00:00:00;2024-12;Frais Revolut Business;-10.0;Revolut;FEE;FdS;;FEE
2024-12-20 06:36:21;2024-12;LBO - FONDS FCPR WCS3;-20000.0;Qonto;;PE;LBO - FONDS FCPR WCS3;
2024-12-20 09:01:12;2024-12;Guichar Jean-Philippe;-2262.71;Qonto;;FdS;Guichar Jean-Philippe;
2024-12-21 17:00:50;2024-12;Guichar Jean-Philippe;-5000.0;Qonto;;FdS;Guichar Jean-Philippe;
2024-12-22 00:00:00;2024-12;Cafevasilyparis;-17.5;Revolut;CARD_PAYMENT;FdS;;CARD_PAYMENT
2024-12-27 07:00:36;2024-12;DGFIP;-7590.0;Qonto;;impots;DGFIP;
2024-12-31 07:59:30;2024-12;Mangopay;266.67;Qonto;;Crowdfunding;Mangopay;
2025-01-01 00:00:00;2025-01;Nespresso;-48.31;Revolut;CARD_PAYMENT;FdS;;CARD_PAYMENT
2025-01-02 00:00:00;2025-01;Porchester;-77.73;Revolut;CARD_PAYMENT;FdS;;CARD_PAYMENT
2025-01-02 00:00:00;2025-01;G7;-48.0;Revolut;CARD_PAYMENT;FdS;;CARD_PAYMENT
2025-01-02 00:00:00;2025-01;513102 Id Tratto;-33.1;Revolut;CARD_PAYMENT;FdS;;CARD_PAYMENT
2025-01-02 10:44:02;2025-01;FRENCH PAYROLL EXPERT / Thomas Bidou;-126.0;Qonto;;FdS;FRENCH PAYROLL EXPERT / Thomas Bidou;
2025-01-03 00:00:00;2025-01;Notto Piccadilly;-73.94;Revolut;CARD_PAYMENT;FdS;;CARD_PAYMENT
2025-01-03 00:00:00;2025-01;Zettle_*watchhouse;-15.5;Revolut;CARD_PAYMENT;FdS;;CARD_PAYMENT
2025-01-03 00:00:00;2025-01;Ecsi Ltd;-9.23;Revolut;CARD_PAYMENT;FdS;;CARD_PAYMENT
2025-01-04 00:00:00;2025-01;Duck And Rice;-115.77;Revolut;CARD_PAYMENT;FdS;;CARD_PAYMENT
2025-01-04 00:00:00;2025-01;Maison Assouline;-41.6;Revolut;CARD_PAYMENT;FdS;;CARD_PAYMENT
2025-01-04 00:00:00;2025-01;Ecsi Ltd;-9.23;Revolut;CARD_PAYMENT;FdS;;CARD_PAYMENT
2025-01-05 00:00:00;2025-01;Wright Brothers;-145.2;Revolut;CARD_PAYMENT;FdS;;CARD_PAYMENT
2025-01-06 00:00:00;2025-01;Taxi Parisien;-44.0;Revolut;CARD_PAYMENT;FdS;;CARD_PAYMENT
2025-01-06 08:09:22;2025-01;ARIA;6809.4;Qonto;;Conseil;Aria;
2025-01-06 09:07:45;2025-01;Geoffrey RAIA;-3600.0;Qonto;;Conseil;Geoffrey RAIA;
2025-01-07 06:57:03;2025-01;Alan Insurance;-102.0;Qonto;;FdS;Alan Insurance;
2025-01-07 08:29:20;2025-01;ARIA;19788.0;Qonto;;Conseil;Aria;
2025-01-08 00:00:00;2025-01;Gr Epicerie 16;-5.5;Revolut;CARD_PAYMENT;FdS;;CARD_PAYMENT
2025-01-08 08:48:53;2025-01;SAS INFINI CAPITAL;240.3;Qonto;;Crowdfunding;SAS INFINI CAPITAL;
2025-01-08 08:50:05;2025-01;SAS INFINI CAPITAL;184.2;Qonto;;Crowdfunding;SAS INFINI CAPITAL;
2025-01-08 15:14:27;2025-01;PATRIMOINE SUR MESURE;-17388.0;Qonto;;Conseil;PATRIMOINE SUR MESURE;
2025-01-09 00:00:00;2025-01;Mcdonalds 350;-11.95;Revolut;CARD_PAYMENT;FdS;;CARD_PAYMENT
2025-01-09 00:00:00;2025-01;Sc-rest. Matsuyama;-9.0;Revolut;CARD_PAYMENT;FdS;;CARD_PAYMENT
2025-01-09 00:00:00;2025-01;Sc-rest. Ilaki;-15.9;Revolut;CARD_PAYMENT;FdS;;CARD_PAYMENT
2025-01-09 07:45:27;2025-01;SAS SGM PERSEPHONE FP;166.6;Qonto;;Crowdfunding;SAS SGM PERSEPHONE FP;
2025-01-09 07:45:29;2025-01;SAS BVI.EU FINANCE  FP;166.6;Qonto;;Crowdfunding;SAS BVI.EU FINANCE  FP;
2025-01-11 00:00:00;2025-01;Ristorante Dino Sc1;-72.5;Revolut;CARD_PAYMENT;FdS;;CARD_PAYMENT
2025-01-13 15:43:14;2025-01;CORUM EURION;1461.5;Qonto;;SCPI;CORUM EURION;
2025-01-16 00:00:00;2025-01;Gr Epicerie 16;-5.5;Revolut;CARD_PAYMENT;FdS;;CARD_PAYMENT
2025-01-16 00:00:00;2025-01;Sc-rest. Matsuyama;-16.5;Revolut;CARD_PAYMENT;FdS;;CARD_PAYMENT
2025-01-16 00:00:00;2025-01;La Lorraine;-182.5;Revolut;CARD_PAYMENT;FdS;;CARD_PAYMENT
2025-01-16 06:39:29;2025-01;URSSAF D'ILE DE FRANCE;-1685.0;Qonto;;impots;URSSAF D'ILE DE FRANCE;
2025-01-17 00:00:00;2025-01;Paris Business A;-700.0;Revolut;CARD_PAYMENT;FdS;;CARD_PAYMENT
2025-01-19 00:00:00;2025-01;Daikichi;-56.0;Revolut;CARD_PAYMENT;FdS;;CARD_PAYMENT
2025-01-20 00:00:00;2025-01;Frais Revolut Business;-10.0;Revolut;FEE;FdS;;FEE
2025-01-21 00:00:00;2025-01;Sq *noir Coffee Shop -;-5.8;Revolut;CARD_PAYMENT;FdS;;CARD_PAYMENT
2025-01-22 06:39:36;2025-01;DGFIP;-448.0;Qonto;;impots;DGFIP;
2025-01-23 00:00:00;2025-01;Brach Paris Fnb;-33.0;Revolut;CARD_PAYMENT;FdS;;CARD_PAYMENT
2025-01-23 00:00:00;2025-01;Buns Paris 15;-19.9;Revolut;CARD_PAYMENT;FdS;;CARD_PAYMENT
2025-01-23 00:00:00;2025-01;Sc-rest. Ilaki;-15.9;Revolut;CARD_PAYMENT;FdS;;CARD_PAYMENT
2025-01-26 00:00:00;2025-01;Rotonde Muette;-35.5;Revolut;CARD_PAYMENT;FdS;;CARD_PAYMENT
2025-01-27 00:00:00;2025-01;Indigo 940004;-8.3;Revolut;CARD_PAYMENT;FdS;;CARD_PAYMENT
2025-01-27 07:06:11;2025-01;MALAKOFF HUMANIS;-352.8;Qonto;;FdS;MALAKOFF HUMANIS;
2025-01-28 04:03:43;2025-01;EPARGNE PIERRE EUROPE;938.22;Qonto;;SCPI;EPARGNE PIERRE;
2025-01-28 04:07:14;2025-01;SCPI EPARGNE PIERRE;3380.43;Qonto;;SCPI;EPARGNE PIERRE;
2025-01-28 04:12:25;2025-01;SCPI IMMORENTE;964.32;Qonto;;SCPI;IMMORENTE;
2025-01-28 04:13:48;2025-01;SCPI IMMORENTE;2628.36;Qonto;;SCPI;IMMORENTE;
2025-01-28 04:14:44;2025-01;EFIMMO 1;1000.14;Qonto;;SCPI;EFIMMO;
2025-01-28 16:49:32;2025-01;ARIA;19788.0;Qonto;;Conseil;Aria;
2025-01-28 16:50:04;2025-01;ARIA;15888.6;Qonto;;Conseil;Aria;
2025-01-28 19:42:25;2025-01;Geoffrey RAIA;-8400.0;Qonto;;Conseil;Geoffrey RAIA;
2025-01-28 19:45:14;2025-01;PATRIMOINE SUR MESURE;-17388.0;Qonto;;Conseil;PATRIMOINE SUR MESURE;
2025-01-29 04:10:14;2025-01;Mangopay;266.67;Qonto;;Crowdfunding;Mangopay;
2025-01-30 00:00:00;2025-01;Sc-rest. Matsuyama;-19.5;Revolut;CARD_PAYMENT;FdS;;CARD_PAYMENT
2025-01-31 15:14:00;2025-01;SCI   PRIMOPIERRE;942.76;Qonto;;SCPI;PRIMOPIERRE;
2025-02-01 00:00:00;2025-02;Sc-gourmandises;-4.6;Revolut;CARD_PAYMENT;FdS;;CARD_PAYMENT
2025-02-03 09:45:00;2025-02;Mangopay;437.5;Qonto;;Crowdfunding;Mangopay;
2025-02-05 06:59:39;2025-02;Alan Insurance;-126.5;Qonto;;FdS;Alan Insurance;
2025-02-06 00:00:00;2025-02;Sc-rest. Matsuyama;-16.5;Revolut;CARD_PAYMENT;FdS;;CARD_PAYMENT
2025-02-10 00:00:00;2025-02;Deli Bun;-22.9;Revolut;CARD_PAYMENT;FdS;;CARD_PAYMENT
2025-02-10 07:57:50;2025-02;SAS BVI.EU FINANCE  FP;183.4;Qonto;;Crowdfunding;SAS BVI.EU FINANCE  FP;
2025-02-10 07:59:33;2025-02;SAS BVI.EU FINANCE  FP;2000.0;Qonto;;Crowdfunding;SAS BVI.EU FINANCE  FP;
2025-02-10 07:59:34;2025-02;SAS SGM PERSEPHONE FP;166.6;Qonto;;Crowdfunding;SAS SGM PERSEPHONE FP;
2025-02-11 14:54:04;2025-02;CORUM EURION;993.23;Qonto;;SCPI;CORUM EURION;
2025-02-13 00:00:00;2025-02;Sc-rest. Ilaki;-15.9;Revolut;CARD_PAYMENT;FdS;;CARD_PAYMENT
2025-02-13 07:20:08;2025-02;OPCO ATLAS;-30.0;Qonto;;FdS;OPCO ATLAS;
2025-02-14 07:52:38;2025-02;SAS INFINI CAPITAL;240.3;Qonto;;Crowdfunding;SAS INFINI CAPITAL;
2025-02-17 00:00:00;2025-02;Total Mkt Fr;-82.89;Revolut;CARD_PAYMENT;FdS;;CARD_PAYMENT
2025-02-17 00:00:00;2025-02;Cofiroute;-21.3;Revolut;CARD_PAYMENT;FdS;;CARD_PAYMENT
2025-02-18 06:43:53;2025-02;URSSAF D'ILE DE FRANCE;-12.0;Qonto;;impots;URSSAF D'ILE DE FRANCE;
2025-02-20 00:00:00;2025-02;Le Mary Max;-91.0;Revolut;CARD_PAYMENT;FdS;;CARD_PAYMENT
2025-02-20 00:00:00;2025-02;Frais Revolut Business;-10.0;Revolut;FEE;FdS;;FEE
2025-02-21 00:00:00;2025-02;Hrc33617esso2;-90.0;Revolut;CARD_PAYMENT;FdS;;CARD_PAYMENT
2025-02-21 00:00:00;2025-02;Cofiroute;-21.3;Revolut;CARD_PAYMENT;FdS;;CARD_PAYMENT
2025-02-22 00:00:00;2025-02;Ristorante Dino;-123.5;Revolut;CARD_PAYMENT;FdS;;CARD_PAYMENT
2025-02-24 00:02:39;2025-02;AURELIA DURAND DESIGN STUDIO AURELIA DURAND;-5647.25;Qonto;;Conseil;AURELIA DURAND DESIGN STUDIO AURELIA DURAND;
2025-02-26 00:00:00;2025-02;Dac Inter;-66.69;Revolut;CARD_PAYMENT;FdS;;CARD_PAYMENT
2025-02-27 06:46:47;2025-02;COGEA Conseil;-224.63;Qonto;;FdS;COGEA Conseil;
2025-02-28 08:03:19;2025-02;ARIA;16645.2;Qonto;;Conseil;Aria;
2025-02-28 16:51:01;2025-02;ARIA;19788.0;Qonto;;Conseil;Aria;
2025-03-01 00:00:00;2025-03;Le Dauphin;-183.0;Revolut;CARD_PAYMENT;FdS;;CARD_PAYMENT
2025-03-02 00:00:00;2025-03;Nguyen Thi Tuyet Ei;-34.0;Revolut;CARD_PAYMENT;FdS;;CARD_PAYMENT
2025-03-02 00:00:00;2025-03;Google Gsuite_hfg-capi;-3.2;Revolut;CARD_PAYMENT;FdS;google;
2025-03-03 00:00:00;2025-03;Compass Group;-3.25;Revolut;CARD_PAYMENT;FdS;;CARD_PAYMENT
2025-03-03 00:00:00;2025-03;Certas Essof215;-60.01;Revolut;CARD_PAYMENT;FdS;;CARD_PAYMENT
2025-03-03 07:57:17;2025-03;Geoffrey RAIA;-8800.0;Qonto;;Conseil;Geoffrey RAIA;
2025-03-03 08:00:20;2025-03;PATRIMOINE SUR MESURE;-17388.0;Qonto;;Conseil;PATRIMOINE SUR MESURE;
2025-03-05 07:02:59;2025-03;Alan Insurance;-126.5;Qonto;;FdS;Alan Insurance;
2025-03-06 00:00:00;2025-03;Sc-rest. Matsuyama;-16.5;Revolut;CARD_PAYMENT;FdS;;CARD_PAYMENT
2025-03-07 00:00:00;2025-03;Dac Inter;-76.49;Revolut;CARD_PAYMENT;FdS;;CARD_PAYMENT
2025-03-08 00:00:00;2025-03;Sapn;-17.8;Revolut;CARD_PAYMENT;FdS;;CARD_PAYMENT
2025-03-10 07:55:10;2025-03;SAS BVI.EU FINANCE  FP;165.0;Qonto;;Crowdfunding;SAS BVI.EU FINANCE  FP;
2025-03-10 07:56:28;2025-03;SAS INFINI CAPITAL;240.3;Qonto;;Crowdfunding;SAS INFINI CAPITAL;
2025-03-11 10:49:07;2025-03;CORUM EURION;958.4;Qonto;;SCPI;CORUM EURION;
2025-03-14 00:00:00;2025-03;Nicolas 2300;-34.1;Revolut;CARD_PAYMENT;FdS;;CARD_PAYMENT
2025-03-17 00:00:00;2025-03;Dac Inter;-41.86;Revolut;CARD_PAYMENT;FdS;;CARD_PAYMENT
2025-03-17 00:00:00;2025-03;Leclerc;-45.98;Revolut;CARD_PAYMENT;FdS;;CARD_PAYMENT
2025-03-17 00:00:00;2025-03;Leclerc;-27.9;Revolut;CARD_PAYMENT;FdS;;CARD_PAYMENT
2025-03-18 16:10:11;2025-03;URSSAF D'ILE DE FRANCE;-12.0;Qonto;;impots;URSSAF D'ILE DE FRANCE;
2025-03-19 00:00:00;2025-03;Chipotle Mexican Grill;-16.95;Revolut;CARD_PAYMENT;FdS;;CARD_PAYMENT
2025-03-19 06:44:21;2025-03;BEX Fund V by Peqan;-6000.0;Qonto;;PE;BEX Fund V by Peqan;
2025-03-19 06:50:40;2025-03;DGFIP;-1008.0;Qonto;;impots;DGFIP;
2025-03-20 00:00:00;2025-03;Sc-rest. Matsuyama;-8.0;Revolut;CARD_PAYMENT;FdS;;CARD_PAYMENT
2025-03-20 00:00:00;2025-03;Frais Revolut Business;-10.0;Revolut;FEE;FdS;;FEE
2025-03-20 19:45:08;2025-03;CARPA MANIEMENTS DE FONDS;-10000.0;Qonto;;VC;CARPA MANIEMENTS DE FONDS;
2025-03-21 07:50:43;2025-03;SAS SGM PERSEPHONE FP;166.6;Qonto;;Crowdfunding;SAS SGM PERSEPHONE FP;
2025-03-24 00:00:00;2025-03;Dac Inter;-44.0;Revolut;CARD_PAYMENT;FdS;;CARD_PAYMENT
2025-03-27 00:00:00;2025-03;Sc-rest. Matsuyama;-19.5;Revolut;CARD_PAYMENT;FdS;;CARD_PAYMENT
2025-03-27 08:49:05;2025-03;Guichar Jean-Philippe;-3000.0;Qonto;;FdS;Guichar Jean-Philippe;
2025-03-30 00:00:00;2025-03;Ristorante Dino Sc1;-63.5;Revolut;CARD_PAYMENT;FdS;;CARD_PAYMENT
2025-04-01 08:43:41;2025-04;FRENCH PAYROLL EXPERT / Thomas Bidou;-126.0;Qonto;;FdS;FRENCH PAYROLL EXPERT / Thomas Bidou;
2025-04-02 00:00:00;2025-04;Google Gsuite_hfg-capi;-8.16;Revolut;CARD_PAYMENT;FdS;google;
2025-04-03 00:00:00;2025-04;Buns Paris 15;-15.9;Revolut;CARD_PAYMENT;FdS;;CARD_PAYMENT
2025-04-04 05:53:14;2025-04;Alan Insurance;-126.5;Qonto;;FdS;Alan Insurance;
2025-04-07 00:00:00;2025-04;Dac Inter;-59.0;Revolut;CARD_PAYMENT;FdS;;CARD_PAYMENT
2025-04-08 00:00:00;2025-04;Openai *chatgpt Subscr;-18.3;Revolut;CARD_PAYMENT;FdS;;CARD_PAYMENT
2025-04-09 05:35:59;2025-04;HISCOX SA HISCOX SA;-248.57;Qonto;;FdS;HISCOX;
2025-04-09 06:53:26;2025-04;SAS SGM PERSEPHONE FP;44.8;Qonto;;Crowdfunding;SAS SGM PERSEPHONE FP;
2025-04-09 07:04:48;2025-04;SAS BVI.EU FINANCE  FP;165.0;Qonto;;Crowdfunding;SAS BVI.EU FINANCE  FP;
2025-04-09 14:03:56;2025-04;Aria;15132.0;Qonto;;Conseil;Aria;
2025-04-09 14:07:37;2025-04;Aria;19788.0;Qonto;;Conseil;Aria;
2025-04-09 15:21:44;2025-04;Geoffrey RAIA;-8000.0;Qonto;;Conseil;Geoffrey RAIA;
2025-04-09 15:23:46;2025-04;PATRIMOINE SUR MESURE;-17388.0;Qonto;;Conseil;PATRIMOINE SUR MESURE;
2025-04-10 00:00:00;2025-04;Sc-rest. Matsuyama;-16.5;Revolut;CARD_PAYMENT;FdS;;CARD_PAYMENT
2025-04-10 07:03:22;2025-04;Roundtable - WPS VC - NewCo 15;-10000.0;Qonto;;VC;Roundtable - WPS VC - NewCo 15;
2025-04-11 06:46:20;2025-04;CORUM EURION;1188.03;Qonto;;SCPI;CORUM EURION;
2025-04-12 00:00:00;2025-04;Ls We Are Club;-72.0;Revolut;CARD_PAYMENT;FdS;;CARD_PAYMENT
2025-04-15 03:12:47;2025-04;Mangopay;18023.98;Qonto;;Crowdfunding;Mangopay;
2025-04-16 05:50:48;2025-04;URSSAF D'ILE DE FRANCE;-12.0;Qonto;;impots;URSSAF D'ILE DE FRANCE;
2025-04-17 13:35:10;2025-04;2LDM INVEST;-144.0;Qonto;;FdS;2LDM INVEST;
2025-04-20 00:00:00;2025-04;Frais Revolut Business;-10.0;Revolut;FEE;FdS;;FEE
2025-04-24 03:03:46;2025-04;EPARGNE PIERRE EUROPE;1265.0;Qonto;;SCPI;EPARGNE PIERRE;
2025-04-24 06:51:07;2025-04;SAS INFINI CAPITAL;240.3;Qonto;;Crowdfunding;SAS INFINI CAPITAL;
2025-04-25 03:02:04;2025-04;EFIMMO 1;37.98;Qonto;;SCPI;EFIMMO;
2025-04-25 03:09:52;2025-04;EFIMMO 1;886.2;Qonto;;SCPI;EFIMMO;
2025-04-25 03:10:06;2025-04;SCPI EPARGNE PIERRE;3320.28;Qonto;;SCPI;EPARGNE PIERRE;
2025-04-25 03:13:47;2025-04;SCPI IMMORENTE;2063.88;Qonto;;SCPI;IMMORENTE;
2025-04-25 06:02:01;2025-04;ALTAROC ODYSSEY 2024 FPCI;-10000.0;Qonto;;PE;ALTAROC ODYSSEY 2024 FPCI;
2025-04-25 06:10:37;2025-04;ALTAROC ODYSSEY 2023 FPCI;-10000.0;Qonto;;PE;ALTAROC ODYSSEY 2023 FPCI;
2025-04-29 05:43:46;2025-04;ALTAROC ODYSSEY 2022 FPCI;-10000.0;Qonto;;PE;ALTAROC ODYSSEY 2022 FPCI;
2025-04-30 14:07:25;2025-04;Mangopay;175.0;Qonto;;Crowdfunding;Mangopay;
2025-04-30 14:09:20;2025-04;SCI   PRIMOPIERRE;962.0;Qonto;;SCPI;PRIMOPIERRE;
2025-05-01 00:00:00;2025-05;Taxi Emilien;-56.0;Revolut;CARD_PAYMENT;FdS;;CARD_PAYMENT
2025-05-01 00:00:00;2025-05;Sc-rest. Ilaki;-15.9;Revolut;CARD_PAYMENT;FdS;;CARD_PAYMENT
2025-05-02 00:00:00;2025-05;Chpgne Crochet;-54.5;Revolut;CARD_PAYMENT;FdS;;CARD_PAYMENT
2025-05-02 00:00:00;2025-05;Google Gsuite_hfg-capi;-8.16;Revolut;CARD_PAYMENT;FdS;google;
2025-05-05 00:00:00;2025-05;Total Mkt Fr;-72.41;Revolut;CARD_PAYMENT;FdS;;CARD_PAYMENT
2025-05-05 00:00:00;2025-05;Sapn;-17.8;Revolut;CARD_PAYMENT;FdS;;CARD_PAYMENT
2025-05-05 07:20:24;2025-05;Aria;19788.0;Qonto;;Conseil;Aria;
2025-05-05 07:27:07;2025-05;Aria;15888.6;Qonto;;Conseil;Aria;
2025-05-05 11:19:44;2025-05;Geoffrey RAIA;-8400.0;Qonto;;Conseil;Geoffrey RAIA;
2025-05-05 11:23:28;2025-05;PATRIMOINE SUR MESURE;-17388.0;Qonto;;Conseil;PATRIMOINE SUR MESURE;
2025-05-05 12:53:06;2025-05;OLIVIER MICHEL JEAN-CLAUDE PETIBON;-0.11;Qonto;;VC;OLIVIER MICHEL JEAN-CLAUDE PETIBON;
2025-05-05 12:54:49;2025-05;BLOOM;-25.0;Qonto;;VC;BLOOM;
2025-05-06 05:55:18;2025-05;Alan Insurance;-126.5;Qonto;;FdS;Alan Insurance;
2025-05-08 00:00:00;2025-05;Openai *chatgpt Subscr;-17.63;Revolut;CARD_PAYMENT;FdS;;CARD_PAYMENT
2025-05-08 00:00:00;2025-05;Sc-rest. Matsuyama;-15.9;Revolut;CARD_PAYMENT;FdS;;CARD_PAYMENT
2025-05-08 06:52:41;2025-05;SAS SGM PERSEPHONE FP;166.6;Qonto;;Crowdfunding;SAS SGM PERSEPHONE FP;
2025-05-08 06:52:42;2025-05;SAS INFINI CAPITAL;55.8;Qonto;;Crowdfunding;SAS INFINI CAPITAL;
2025-05-08 06:53:05;2025-05;SAS BVI.EU FINANCE  FP;165.0;Qonto;;Crowdfunding;SAS BVI.EU FINANCE  FP;
